Year;Banking_Crisis;Systemic_Crisis;Domestic_Debt_In_Default;Sovereign_External_Debt_In_Default;Currency_Crisis;Inflation_Crisis
1970;0;0;0;0;0;0
1970;0;0;0;0;1;0
1970;0;0;0;0;1;0
1970;0;0;0;0;1;0
1970;0;0;0;0;0;0
1970;0;0;0;0;0;0
1970;0;0;0;0;0;0
1970;0;0;0;0;0;0
1970;0;0;0;0;0;0
1970;0;0;0;0;0;0
1970;0;0;0;0;1;1
1970;0;0;0;0;0;0
1970;0;0;0;0;0;0
1970;0;0;0;0;0;0
1970;0;0;0;0;0;0
1970;0;0;0;0;0;0
1970;0;0;0;0;0;0
1970;0;0;0;0;0;0
1970;0;0;0;0;0;0
1970;0;0;0;0;0;0
1970;0;0;0;0;0;0
1970;0;0;0;0;0;0
1970;0;0;0;0;0;0
1970;0;0;0;1;0;0
1970;0;0;0;0;0;0
1970;0;0;0;0;0;0
1970;0;0;0;0;0;0
1970;0;0;0;0;0;0
1970;0;0;n/a;n/a;1;1
1970;0;0;0;1;0;0
1970;0;0;0;1;0;0
1970;n/a;0;n/a;n/a;0;
1970;0;0;0;0;0;0
1970;0;0;0;0;0;0
1970;0;0;0;0;0;0
1970;0;0;0;0;1;0
1970;0;0;0;0;0;0
1970;0;0;0;0;0;0
1970;0;0;0;0;0;0
1970;0;0;0;0;0;0
1970;0;0;0;0;0;0
1970;0;0;0;0;0;0
1970;0;0;0;0;0;0
1970;0;0;0;0;0;0
1970;0;0;0;0;0;0
1970;0;0;0;0;0;0
1970;0;0;0;0;0;0
1970;0;0;0;0;0;0
1970;0;0;0;0;0;0
1970;0;0;0;0;0;0
1970;0;0;0;0;0;0
1970;0;0;0;0;0;0
1970;0;0;0;0;0;0
1970;0;0;1;1;0;0
1970;0;0;0;0;0;0
1970;0;0;0;0;0;0
1970;0;0;0;0;0;0
1970;0;0;0;0;0;0
1970;0;0;0;0;0;0
1970;n/a;0;n/a;n/a;0;
1970;0;0;0;0;0;0
1970;0;0;0;0;0;0
1970;0;0;0;0;0;0
1970;0;0;0;0;0;0
1970;0;0;0;0;0;0
1970;0;0;0;0;0;0
1970;0;0;0;0;1;0
1970;0;0;0;0;0;0
1970;0;0;0;0;0;0
1970;0;0;1;1;0;0
1971;0;0;0;0;0;0
1971;0;0;0;0;0;0
1971;0;0;0;0;0;1
1971;0;0;0;0;1;0
1971;0;0;0;0;0;0
1971;0;0;0;0;0;0
1971;0;0;0;0;0;0
1971;0;0;0;0;1;1
1971;0;0;0;0;0;0
1971;0;0;0;0;0;1
1971;0;0;0;0;1;1
1971;0;0;0;0;0;0
1971;0;0;0;0;0;0
1971;0;0;0;0;0;0
1971;0;0;0;0;0;0
1971;0;0;0;0;0;0
1971;0;0;0;0;0;0
1971;0;0;0;0;1;0
1971;0;0;0;0;0;0
1971;0;0;0;0;0;0
1971;0;0;0;0;0;0
1971;0;0;0;0;0;0
1971;0;0;0;0;0;0
1971;0;0;0;1;1;0
1971;0;0;0;0;0;0
1971;0;0;0;0;0;0
1971;0;0;0;0;0;0
1971;0;0;0;0;0;0
1971;0;0;n/a;n/a;0;0
1971;0;0;0;1;0;0
1971;0;0;0;0;0;0
1971;n/a;0;n/a;n/a;0;
1971;0;0;0;0;0;0
1971;0;0;0;0;0;0
1971;0;0;0;0;0;0
1971;0;0;0;0;0;0
1971;0;0;0;0;0;0
1971;0;0;0;0;0;0
1971;0;0;0;0;0;0
1971;0;0;0;0;0;0
1971;0;0;0;0;0;0
1971;0;0;0;0;0;0
1971;0;0;0;0;0;0
1971;0;0;0;0;0;0
1971;0;0;0;0;0;0
1971;0;0;0;0;0;0
1971;0;0;0;0;0;0
1971;0;0;0;0;0;0
1971;0;0;0;0;0;0
1971;0;0;0;0;1;0
1971;0;0;0;0;0;0
1971;0;0;0;0;0;0
1971;0;0;0;0;0;0
1971;0;0;1;1;0;0
1971;0;0;0;0;0;0
1971;0;0;0;0;0;0
1971;0;0;0;0;0;0
1971;0;0;0;0;0;0
1971;0;0;0;0;0;0
1971;n/a;0;n/a;n/a;0;
1971;0;0;0;0;1;0
1971;0;0;0;0;0;0
1971;0;0;0;0;0;0
1971;0;0;0;0;1;0
1971;0;0;0;0;0;0
1971;0;0;0;0;1;0
1971;1;0;0;0;1;1
1971;0;0;0;0;0;0
1971;0;0;0;0;0;0
1971;0;0;1;1;0;0
1972;0;0;0;0;0;0
1972;0;0;0;0;1;0
1972;0;0;0;0;1;1
1972;0;0;0;0;0;0
1972;0;0;0;0;0;0
1972;0;0;0;0;0;0
1972;0;0;0;0;1;0
1972;0;0;0;0;0;0
1972;0;0;0;0;0;0
1972;0;0;0;0;0;0
1972;0;0;0;1;1;1
1972;0;0;0;0;0;0
1972;0;0;0;0;0;0
1972;0;0;0;0;0;0
1972;0;0;0;0;0;0
1972;0;0;0;0;0;0
1972;0;0;0;0;0;0
1972;0;0;0;0;0;0
1972;0;0;0;0;0;0
1972;0;0;0;0;0;0
1972;0;0;0;0;0;0
1972;0;0;0;0;0;0
1972;0;0;0;0;0;0
1972;0;0;0;1;0;0
1972;0;0;0;0;0;0
1972;0;0;0;0;0;0
1972;0;0;0;0;0;0
1972;0;0;0;0;0;0
1972;0;0;n/a;n/a;0;0
1972;0;0;0;1;0;0
1972;0;0;0;0;0;0
1972;n/a;0;n/a;n/a;0;
1972;0;0;0;0;0;0
1972;0;0;0;0;0;0
1972;0;0;0;0;0;0
1972;0;0;0;0;0;0
1972;0;0;0;0;0;0
1972;0;0;0;0;0;0
1972;0;0;0;0;0;0
1972;0;0;0;0;0;0
1972;0;0;0;0;0;0
1972;0;0;0;0;0;0
1972;0;0;0;0;0;0
1972;0;0;0;0;0;0
1972;0;0;0;0;0;0
1972;0;0;0;0;0;0
1972;0;0;0;0;0;0
1972;0;0;0;0;0;0
1972;0;0;0;0;0;0
1972;0;0;0;0;0;0
1972;0;0;0;0;0;0
1972;0;0;0;0;0;0
1972;0;0;0;0;0;0
1972;0;0;1;1;0;0
1972;0;0;0;0;0;0
1972;0;0;0;0;0;0
1972;0;0;0;0;0;0
1972;0;0;0;0;0;0
1972;0;0;0;0;0;0
1972;n/a;0;n/a;n/a;0;
1972;0;0;0;0;0;0
1972;0;0;0;0;0;0
1972;0;0;0;0;0;0
1972;0;0;0;0;0;0
1972;0;0;0;0;0;0
1972;0;0;0;0;0;0
1972;0;0;0;0;1;1
1972;0;0;0;0;0;0
1972;0;0;0;0;0;0
1972;0;0;1;1;0;0
1973;0;0;0;0;0;0
1973;0;0;0;0;1;0
1973;0;0;0;0;1;1
1973;0;0;0;0;0;0
1973;0;0;0;0;0;0
1973;0;0;0;0;0;0
1973;0;0;0;0;0;1
1973;0;0;0;0;0;0
1973;0;0;0;0;0;0
1973;0;0;0;0;0;0
1973;0;0;0;1;1;1
1973;0;0;0;0;0;0
1973;0;0;0;0;0;1
1973;0;0;0;0;0;0
1973;0;0;0;0;0;0
1973;0;0;0;0;0;0
1973;0;0;0;0;0;0
1973;0;0;0;0;0;0
1973;0;0;0;0;0;0
1973;0;0;0;0;1;0
1973;0;0;0;0;0;0
1973;0;0;0;0;0;0
1973;0;0;0;0;0;0
1973;0;0;0;1;0;1
1973;0;0;0;0;0;0
1973;0;0;0;0;0;0
1973;0;0;0;0;0;0
1973;0;0;0;0;0;0
1973;0;0;n/a;n/a;0;0
1973;0;0;0;1;0;1
1973;0;0;0;0;0;1
1973;n/a;0;n/a;n/a;0;
1973;0;0;0;0;0;0
1973;0;0;0;0;0;0
1973;0;0;0;0;0;0
1973;0;0;0;0;0;0
1973;0;0;0;0;0;0
1973;0;0;0;0;0;1
1973;0;0;0;0;0;0
1973;0;0;0;0;0;0
1973;0;0;0;0;0;1
1973;0;0;0;0;0;0
1973;0;0;0;0;0;0
1973;0;0;0;0;0;1
1973;0;0;0;0;1;0
1973;0;0;0;0;0;0
1973;0;0;0;0;0;0
1973;0;0;0;0;0;0
1973;0;0;0;0;0;0
1973;0;0;0;0;0;1
1973;0;0;0;0;0;0
1973;0;0;0;0;0;0
1973;0;0;0;0;1;0
1973;0;0;1;1;0;0
1973;0;0;0;0;0;1
1973;0;0;0;0;0;0
1973;0;0;0;0;0;0
1973;0;0;0;0;0;0
1973;0;0;0;0;0;0
1973;n/a;0;n/a;n/a;0;
1973;0;0;0;0;0;1
1973;0;0;0;0;0;0
1973;0;0;0;0;0;0
1973;0;0;0;0;0;0
1973;0;0;0;0;0;0
1973;0;0;0;0;0;0
1973;0;0;0;0;0;1
1973;0;0;0;0;0;0
1973;0;0;0;0;0;0
1973;0;0;1;1;0;0
1974;0;0;0;0;0;0
1974;0;0;0;0;0;1
1974;0;0;0;0;0;1
1974;0;0;0;0;1;0
1974;0;0;0;0;0;0
1974;0;0;0;0;0;0
1974;0;0;0;0;0;1
1974;0;0;0;0;1;1
1974;0;0;0;0;0;0
1974;0;0;0;0;0;0
1974;0;0;0;1;1;1
1974;0;0;0;0;0;0
1974;0;0;0;0;0;1
1974;0;0;0;0;1;1
1974;0;0;0;0;0;0
1974;0;0;0;0;0;0
1974;0;0;0;0;0;0
1974;0;0;0;0;0;1
1974;0;0;0;0;0;0
1974;0;0;0;0;0;0
1974;0;0;0;0;0;0
1974;0;0;0;0;0;0
1974;0;0;0;0;0;0
1974;0;0;0;1;0;0
1974;0;0;0;0;0;0
1974;0;0;0;0;0;1
1974;0;0;0;0;0;0
1974;0;0;0;0;0;0
1974;0;0;n/a;n/a;1;1
1974;0;0;0;1;0;1
1974;0;0;0;0;0;1
1974;n/a;0;n/a;n/a;0;
1974;0;0;0;0;0;1
1974;0;0;0;0;0;1
1974;0;0;0;0;0;0
1974;0;0;0;0;0;1
1974;0;0;0;0;0;0
1974;0;0;0;0;0;1
1974;0;0;0;0;0;0
1974;0;0;0;0;0;0
1974;0;0;0;0;0;1
1974;0;0;0;0;0;0
1974;0;0;0;0;1;0
1974;0;0;0;0;0;0
1974;0;0;0;0;0;0
1974;0;0;0;0;0;0
1974;0;0;0;0;0;0
1974;0;0;0;0;0;1
1974;0;0;0;0;0;0
1974;0;0;0;0;0;1
1974;0;0;0;0;0;0
1974;0;0;0;0;0;1
1974;0;0;0;0;0;0
1974;0;0;1;1;0;0
1974;0;0;0;0;0;0
1974;0;0;0;0;0;0
1974;0;0;0;0;0;0
1974;0;0;0;0;0;0
1974;0;0;0;0;0;0
1974;n/a;0;n/a;n/a;0;
1974;0;0;0;0;0;0
1974;0;0;0;0;0;1
1974;0;0;0;0;1;0
1974;0;0;0;0;0;0
1974;1;0;0;0;0;0
1974;0;0;0;0;0;0
1974;0;0;0;0;1;1
1974;0;0;0;0;0;0
1974;0;0;0;0;0;0
1974;0;0;1;1;0;0
1975;0;0;0;0;0;0
1975;0;0;0;0;0;1
1975;0;0;0;0;0;1
1975;0;0;0;0;1;1
1975;0;0;0;0;0;0
1975;0;0;0;0;0;0
1975;0;0;0;0;0;1
1975;0;0;0;0;1;1
1975;0;0;0;0;0;0
1975;0;0;0;0;0;0
1975;0;0;0;1;2;1
1975;0;0;0;0;0;0
1975;0;0;0;0;0;1
1975;0;0;0;0;0;0
1975;0;0;0;0;0;0
1975;0;0;0;0;0;0
1975;0;0;0;0;0;0
1975;0;0;0;0;0;0
1975;0;0;0;0;0;0
1975;0;0;0;0;0;0
1975;0;0;0;0;0;0
1975;0;0;0;0;0;0
1975;0;0;0;0;0;0
1975;0;0;0;0;0;0
1975;0;0;0;0;0;0
1975;0;0;0;0;0;0
1975;0;0;0;0;0;0
1975;0;0;0;0;0;0
1975;0;0;n/a;n/a;1;1
1975;0;0;0;1;0;0
1975;0;0;0;0;0;0
1975;n/a;0;n/a;n/a;0;
1975;0;0;0;0;0;0
1975;0;0;0;0;0;0
1975;0;0;0;0;0;0
1975;0;0;0;0;1;0
1975;0;0;0;0;0;0
1975;0;0;0;0;0;0
1975;0;0;0;0;0;0
1975;0;0;0;0;0;0
1975;0;0;0;0;1;1
1975;0;0;0;0;0;0
1975;0;0;0;0;0;0
1975;0;0;0;0;0;0
1975;0;0;0;0;0;1
1975;0;0;0;0;0;0
1975;0;0;0;0;0;0
1975;0;0;0;0;0;0
1975;0;0;0;0;0;1
1975;0;0;0;0;0;0
1975;0;0;0;0;0;0
1975;0;0;0;0;0;0
1975;0;0;0;0;0;0
1975;0;0;1;1;1;0
1975;0;0;0;0;0;0
1975;0;0;0;0;0;0
1975;0;0;0;0;0;0
1975;0;0;0;0;0;0
1975;0;0;0;0;0;0
1975;n/a;0;n/a;n/a;0;
1975;0;0;0;0;0;0
1975;0;0;0;0;0;0
1975;0;0;0;0;0;0
1975;0;0;0;0;0;0
1975;1;0;0;0;1;1
1975;0;0;0;0;1;0
1975;0;0;0;0;2;1
1975;0;0;0;0;0;0
1975;0;0;0;0;0;0
1975;0;0;1;1;0;0
1976;0;0;0;0;0;0
1976;0;0;1;0;0;1
1976;0;0;0;0;0;1
1976;0;0;0;0;1;0
1976;0;0;0;0;0;0
1976;0;0;0;0;0;0
1976;0;0;0;0;0;0
1976;0;0;0;0;0;1
1976;0;0;0;0;0;0
1976;1;1;0;0;0;0
1976;1;1;0;0;1;1
1976;0;0;0;0;0;0
1976;0;0;0;0;1;1
1976;0;0;0;0;0;0
1976;0;0;0;0;0;0
1976;0;0;0;0;0;0
1976;0;0;0;0;0;0
1976;0;0;0;0;0;0
1976;0;0;0;0;0;0
1976;0;0;0;0;0;0
1976;0;0;0;0;0;0
1976;0;0;0;0;1;0
1976;0;0;0;0;0;0
1976;0;0;0;0;0;1
1976;0;0;0;0;1;0
1976;0;0;0;0;0;0
1976;0;0;0;0;0;0
1976;0;0;0;0;0;0
1976;0;0;n/a;n/a;1;1
1976;0;0;0;1;0;0
1976;0;0;0;0;0;0
1976;n/a;0;n/a;n/a;0;
1976;0;0;0;0;1;0
1976;0;0;0;0;0;0
1976;0;0;0;0;1;0
1976;0;0;0;0;0;0
1976;0;0;0;0;0;0
1976;0;0;0;0;0;0
1976;0;0;0;0;1;1
1976;0;0;0;0;0;0
1976;0;0;0;0;0;1
1976;0;0;0;0;0;0
1976;0;0;0;0;1;0
1976;0;0;0;0;0;0
1976;0;0;0;0;0;0
1976;0;0;0;0;0;0
1976;0;0;0;0;0;0
1976;0;0;0;0;0;0
1976;0;0;0;1;1;1
1976;0;0;0;0;0;0
1976;0;0;0;0;0;0
1976;0;0;0;0;1;0
1976;0;0;0;0;0;0
1976;0;0;1;1;0;0
1976;0;0;0;0;0;0
1976;0;0;0;0;0;0
1976;0;0;0;0;0;0
1976;0;0;0;0;0;0
1976;0;0;0;0;0;0
1976;n/a;0;n/a;n/a;0;
1976;0;0;0;0;0;0
1976;0;0;0;0;0;0
1976;0;0;0;0;0;0
1976;0;0;0;0;0;0
1976;1;0;0;0;1;0
1976;0;0;0;0;0;0
1976;0;0;0;0;1;1
1976;0;0;0;0;0;0
1976;0;0;0;0;0;0
1976;0;0;1;1;0;0
1977;0;0;0;0;0;0
1977;0;0;0;0;0;1
1977;0;0;0;0;0;1
1977;0;0;0;0;1;0
1977;0;0;0;0;0;0
1977;0;0;0;0;0;0
1977;0;0;0;0;0;0
1977;0;0;0;0;1;1
1977;0;0;0;0;0;0
1977;1;1;0;0;0;0
1977;1;1;0;0;1;1
1977;0;0;0;0;0;0
1977;0;0;0;0;0;1
1977;0;0;0;0;0;0
1977;0;0;0;0;0;1
1977;0;0;0;0;0;0
1977;0;0;0;0;0;0
1977;0;0;0;0;0;0
1977;0;0;0;0;0;0
1977;0;0;0;0;0;0
1977;0;0;0;0;0;0
1977;0;0;0;0;0;0
1977;1;0;0;0;0;0
1977;0;0;0;0;0;1
1977;0;0;0;0;0;0
1977;0;0;0;0;0;0
1977;0;0;0;0;0;0
1977;0;0;0;0;0;0
1977;0;0;n/a;n/a;1;1
1977;0;0;0;0;0;0
1977;0;0;0;0;0;0
1977;n/a;0;n/a;n/a;0;
1977;0;0;0;0;0;0
1977;0;0;0;0;0;0
1977;0;0;0;0;0;0
1977;0;0;0;0;0;0
1977;0;0;0;0;0;0
1977;0;0;0;0;0;0
1977;0;0;0;0;0;1
1977;0;0;0;0;0;0
1977;0;0;0;0;0;0
1977;0;0;0;0;0;0
1977;0;0;0;0;0;0
1977;0;0;0;0;0;0
1977;0;0;0;0;0;1
1977;0;0;0;0;0;0
1977;0;0;0;0;0;0
1977;0;0;0;0;0;0
1977;0;0;0;0;1;1
1977;0;0;0;0;0;0
1977;0;0;0;0;0;0
1977;0;0;0;0;1;0
1977;0;0;0;0;0;0
1977;0;0;1;1;0;0
1977;0;0;0;0;0;0
1977;1;0;0;0;0;0
1977;1;1;0;0;1;1
1977;0;0;0;0;1;0
1977;0;0;0;0;1;0
1977;n/a;0;n/a;n/a;0;
1977;0;0;0;0;0;0
1977;0;0;0;0;0;0
1977;0;0;0;0;0;0
1977;0;0;0;0;1;1
1977;0;0;0;0;0;0
1977;0;0;0;0;0;0
1977;0;0;0;0;1;1
1977;0;0;0;0;0;0
1977;0;0;0;0;1;0
1977;0;0;1;1;1;0
1978;0;0;0;0;0;0
1978;0;0;0;0;0;1
1978;0;0;0;0;0;1
1978;0;0;0;0;1;0
1978;0;0;0;0;0;0
1978;0;0;0;0;0;0
1978;0;0;0;0;0;0
1978;0;0;0;0;1;1
1978;0;0;0;0;0;0
1978;1;1;0;0;0;0
1978;0;0;0;0;1;1
1978;0;0;0;0;0;0
1978;0;0;0;0;0;0
1978;0;0;0;0;0;0
1978;0;0;0;0;0;0
1978;0;0;0;0;0;0
1978;0;0;0;0;0;0
1978;0;0;0;0;0;0
1978;0;0;0;0;0;0
1978;0;0;0;0;0;0
1978;0;0;0;0;0;0
1978;0;0;0;0;0;0
1978;1;0;0;0;0;0
1978;0;0;0;0;1;1
1978;0;0;0;0;0;0
1978;0;0;0;0;0;0
1978;0;0;0;0;0;0
1978;0;0;0;0;0;0
1978;0;0;n/a;n/a;1;1
1978;0;0;0;0;0;0
1978;0;0;0;0;1;0
1978;n/a;0;n/a;n/a;0;
1978;0;0;0;0;0;0
1978;0;0;0;0;0;0
1978;0;0;0;0;0;0
1978;0;0;0;0;0;0
1978;0;0;0;0;0;0
1978;0;0;0;0;0;0
1978;0;0;0;0;0;0
1978;0;0;0;0;0;0
1978;0;0;0;0;0;0
1978;0;0;0;0;0;0
1978;0;0;0;0;0;0
1978;0;0;0;0;0;0
1978;0;0;0;0;0;0
1978;0;0;0;0;0;0
1978;0;0;0;0;0;0
1978;0;0;0;0;0;0
1978;0;0;0;1;1;1
1978;0;0;0;0;0;0
1978;0;0;0;0;0;0
1978;0;0;0;0;0;0
1978;0;0;0;0;0;0
1978;0;0;1;1;0;0
1978;0;0;0;0;0;0
1978;1;0;0;0;0;0
1978;1;1;0;0;0;0
1978;0;0;0;0;0;0
1978;0;0;0;0;0;0
1978;n/a;0;n/a;n/a;0;
1978;0;0;0;0;0;0
1978;0;0;0;0;0;0
1978;0;0;0;0;1;0
1978;0;0;0;1;1;1
1978;0;0;0;0;0;0
1978;0;0;0;0;0;0
1978;0;0;0;0;1;1
1978;1;1;0;0;0;0
1978;0;0;0;0;0;0
1978;0;0;1;1;0;0
1979;0;0;0;0;0;0
1979;0;0;0;0;0;1
1979;0;0;0;0;0;1
1979;0;0;0;0;1;0
1979;0;0;0;0;0;0
1979;0;0;0;0;0;0
1979;0;0;0;0;1;1
1979;0;0;0;0;1;1
1979;0;0;0;0;0;0
1979;1;1;0;0;0;0
1979;0;0;0;0;1;1
1979;0;0;0;0;0;0
1979;0;0;0;0;0;1
1979;0;0;0;0;0;0
1979;0;0;0;0;0;1
1979;0;0;0;0;0;0
1979;0;0;0;0;0;0
1979;0;0;0;0;0;0
1979;0;0;0;0;1;0
1979;0;0;0;0;0;0
1979;0;0;0;0;0;0
1979;0;0;0;0;0;0
1979;1;0;0;0;0;0
1979;0;0;1;0;0;1
1979;0;0;0;0;0;0
1979;0;0;0;0;0;0
1979;0;0;0;0;0;0
1979;0;0;0;0;0;0
1979;0;0;n/a;n/a;1;1
1979;0;0;0;0;0;0
1979;0;0;0;0;0;1
1979;n/a;0;n/a;n/a;0;
1979;0;0;0;0;0;0
1979;0;0;0;0;1;0
1979;0;0;0;0;0;0
1979;0;0;0;0;1;0
1979;0;0;0;0;0;0
1979;0;0;0;0;1;1
1979;0;0;0;0;0;0
1979;0;0;0;0;0;0
1979;0;0;0;0;0;0
1979;0;0;0;0;0;0
1979;0;0;0;0;0;0
1979;0;0;0;1;1;1
1979;0;0;0;0;0;0
1979;0;0;0;0;0;0
1979;0;0;0;0;0;0
1979;0;0;0;0;0;1
1979;0;0;0;0;1;1
1979;0;0;0;0;0;0
1979;0;0;0;0;1;0
1979;0;0;0;0;0;0
1979;0;0;0;0;0;0
1979;0;0;1;1;0;0
1979;0;0;0;0;0;0
1979;0;0;0;0;0;0
1979;1;1;0;0;0;0
1979;0;0;0;1;0;0
1979;0;0;0;0;0;0
1979;n/a;0;n/a;n/a;0;
1979;0;0;0;0;0;0
1979;1;0;0;0;0;0
1979;0;0;0;1;0;0
1979;0;0;0;1;1;1
1979;0;0;0;0;0;0
1979;0;0;0;0;0;0
1979;0;0;0;0;1;1
1979;1;1;0;0;0;0
1979;0;0;0;0;0;0
1979;0;0;1;1;0;0
1980;0;0;0;0;0;0
1980;0;0;0;0;0;1
1980;1;1;0;0;0;1
1980;0;0;0;0;1;0
1980;0;0;0;0;0;0
1980;0;0;0;0;0;0
1980;0;0;0;1;0;1
1980;0;0;0;0;1;1
1980;0;0;0;0;0;0
1980;1;1;0;0;0;0
1980;0;0;0;0;0;1
1980;0;0;0;0;0;0
1980;0;0;0;0;1;1
1980;0;0;0;0;0;0
1980;0;0;0;0;0;0
1980;0;0;0;0;0;0
1980;0;0;0;0;0;1
1980;0;0;0;0;0;0
1980;0;1;0;0;0;1
1980;0;0;0;0;0;0
1980;0;0;0;0;0;0
1980;0;0;0;0;0;0
1980;0;0;0;0;0;0
1980;0;0;0;0;0;1
1980;0;0;0;0;1;0
1980;0;0;0;0;0;0
1980;0;0;0;0;0;0
1980;0;0;0;0;0;0
1980;0;0;n/a;n/a;1;1
1980;0;0;0;0;0;0
1980;0;0;0;0;0;0
1980;n/a;0;n/a;n/a;0;0
1980;0;0;0;0;0;1
1980;0;0;0;0;0;0
1980;0;0;0;0;0;0
1980;0;0;0;0;1;1
1980;0;0;0;0;0;0
1980;0;0;0;0;0;1
1980;0;0;0;0;0;1
1980;0;0;0;0;0;0
1980;0;0;0;0;0;0
1980;0;0;0;0;0;0
1980;0;0;0;0;0;0
1980;0;0;0;1;0;1
1980;0;0;0;0;0;0
1980;0;0;0;0;0;0
1980;0;0;0;0;0;0
1980;0;0;0;0;0;1
1980;0;0;0;1;1;1
1980;0;1;0;0;0;0
1980;0;0;0;0;1;0
1980;0;0;0;0;0;0
1980;0;0;0;0;0;0
1980;0;0;1;1;0;0
1980;0;0;0;0;0;0
1980;0;0;0;0;0;0
1980;1;1;0;0;0;0
1980;0;0;0;0;1;1
1980;0;0;0;0;0;0
1980;n/a;0;n/a;n/a;0;0
1980;0;0;0;0;0;0
1980;0;0;0;0;0;0
1980;0;0;0;1;0;0
1980;0;0;0;0;1;1
1980;0;0;0;0;0;0
1980;0;0;0;0;0;0
1980;0;0;0;0;1;1
1980;1;1;0;0;0;1
1980;0;0;0;0;0;0
1980;0;0;1;1;0;0
1981;0;0;0;0;0;0
1981;0;0;0;0;0;0
1981;1;1;0;0;0;1
1981;0;0;0;0;1;0
1981;0;0;0;0;0;0
1981;0;0;0;0;0;0
1981;0;0;0;1;0;1
1981;0;0;0;0;1;1
1981;0;0;0;0;0;0
1981;1;1;0;1;0;0
1981;1;0;0;0;0;0
1981;0;0;0;0;0;0
1981;0;0;0;0;1;1
1981;0;0;0;1;1;1
1981;0;0;0;0;0;0
1981;0;0;0;0;0;0
1981;0;0;1;0;0;0
1981;1;1;0;0;0;0
1981;1;1;0;0;0;0
1981;0;0;1;0;0;0
1981;0;0;0;0;0;0
1981;0;0;0;0;0;0
1981;0;0;0;0;0;0
1981;0;0;0;0;0;1
1981;0;0;0;0;0;0
1981;0;0;0;0;0;0
1981;0;0;0;1;0;0
1981;0;0;0;0;0;0
1981;0;0;n/a;n/a;1;1
1981;0;0;0;0;0;0
1981;0;0;0;0;0;0
1981;n/a;0;n/a;n/a;0;1
1981;0;0;0;0;0;0
1981;0;0;0;0;0;0
1981;0;0;0;0;1;0
1981;0;0;0;0;0;1
1981;0;0;0;0;0;0
1981;0;0;0;0;1;1
1981;1;1;0;0;0;1
1981;0;0;0;0;0;0
1981;0;0;0;0;0;0
1981;0;0;0;0;0;0
1981;0;0;0;0;1;0
1981;0;0;0;1;0;1
1981;0;0;0;0;1;0
1981;0;0;0;0;0;0
1981;0;0;0;0;0;0
1981;0;0;0;0;0;0
1981;0;0;0;0;1;1
1981;1;1;0;0;0;0
1981;0;0;0;1;1;1
1981;0;0;0;0;1;0
1981;0;0;0;1;0;0
1981;0;0;1;1;1;0
1981;0;0;0;0;0;0
1981;0;0;0;0;1;0
1981;1;1;0;0;0;0
1981;0;0;0;1;0;0
1981;0;0;0;0;0;0
1981;n/a;0;n/a;n/a;0;0
1981;0;0;0;0;0;0
1981;0;0;0;0;0;0
1981;0;0;0;1;0;0
1981;0;0;0;0;1;1
1981;0;0;0;0;1;0
1981;0;0;0;0;0;0
1981;1;1;0;0;1;1
1981;1;1;0;0;0;0
1981;0;0;0;0;0;0
1981;0;0;0;0;0;0
1982;0;0;0;0;0;0
1982;0;0;0;0;0;0
1982;1;1;1;1;0;1
1982;0;0;0;0;1;0
1982;0;0;0;0;0;0
1982;0;0;0;0;1;0
1982;0;0;1;1;1;1
1982;0;0;0;0;1;1
1982;0;0;0;0;0;0
1982;1;1;0;0;0;0
1982;1;1;0;0;1;0
1982;0;0;0;0;0;0
1982;1;1;0;0;1;1
1982;0;0;0;1;0;1
1982;0;0;0;0;0;0
1982;0;0;0;0;0;0
1982;0;0;1;1;0;0
1982;0;0;0;1;1;0
1982;1;1;0;0;0;0
1982;0;0;1;0;0;0
1982;0;0;0;0;0;0
1982;0;0;0;0;0;0
1982;0;0;0;0;0;0
1982;1;1;1;0;0;1
1982;0;0;0;0;0;0
1982;0;0;0;0;0;0
1982;0;0;0;1;0;0
1982;0;0;0;0;1;0
1982;0;0;n/a;n/a;1;1
1982;0;0;0;0;0;0
1982;0;0;0;0;0;0
1982;n/a;0;n/a;n/a;0;0
1982;0;0;0;0;0;0
1982;0;0;0;0;0;0
1982;0;0;0;0;1;0
1982;0;0;0;0;0;0
1982;0;0;0;0;0;0
1982;0;0;0;0;0;0
1982;1;1;1;1;1;1
1982;0;0;0;0;0;0
1982;0;0;0;0;0;0
1982;0;0;0;0;0;0
1982;0;0;0;0;0;0
1982;0;0;0;1;0;1
1982;0;0;0;0;0;1
1982;0;0;0;0;1;0
1982;0;0;0;0;0;0
1982;0;0;0;0;0;0
1982;0;0;0;0;1;1
1982;1;1;0;0;0;0
1982;0;0;0;1;1;1
1982;0;0;0;0;1;1
1982;0;0;0;1;0;0
1982;0;0;1;1;0;0
1982;1;0;0;0;0;0
1982;0;0;0;0;0;0
1982;1;1;0;0;1;0
1982;0;0;0;1;0;0
1982;0;0;0;0;1;0
1982;n/a;0;n/a;n/a;0;0
1982;0;0;0;0;0;0
1982;0;0;0;0;0;0
1982;0;0;0;1;0;0
1982;1;1;0;1;1;1
1982;0;0;0;0;1;0
1982;0;0;0;0;0;0
1982;1;1;0;0;1;0
1982;1;1;0;0;0;0
1982;0;0;0;0;0;0
1982;0;0;0;0;1;0
1983;0;0;0;0;0;0
1983;0;0;0;0;0;0
1983;0;0;0;1;0;1
1983;0;0;0;0;2;0
1983;0;0;0;0;0;0
1983;0;0;0;0;0;0
1983;0;0;1;1;1;1
1983;0;0;0;1;1;1
1983;1;0;0;0;0;0
1983;0;0;0;1;0;0
1983;1;1;0;1;1;1
1983;0;0;0;0;0;0
1983;1;1;0;0;1;0
1983;0;0;0;1;0;1
1983;0;0;0;1;0;0
1983;0;0;0;0;0;0
1983;0;0;1;1;0;0
1983;0;0;0;1;1;1
1983;1;1;0;0;0;0
1983;0;0;1;0;0;0
1983;0;0;0;0;0;0
1983;0;0;0;0;0;0
1983;0;0;0;0;0;0
1983;1;1;0;0;1;1
1983;0;0;0;0;1;0
1983;0;0;0;0;0;0
1983;0;0;0;1;0;0
1983;0;0;0;0;0;0
1983;0;0;n/a;n/a;1;1
1983;0;0;0;0;0;0
1983;0;0;0;0;1;0
1983;n/a;0;n/a;n/a;0;0
1983;0;0;0;0;0;0
1983;0;0;0;0;0;0
1983;0;0;0;0;0;0
1983;0;0;0;0;0;0
1983;0;0;0;0;0;0
1983;0;0;0;0;1;0
1983;0;0;0;1;1;1
1983;1;1;0;1;0;0
1983;0;0;0;0;0;0
1983;0;0;0;0;0;0
1983;0;0;0;0;0;0
1983;0;0;0;1;0;1
1983;0;0;0;0;0;0
1983;0;0;0;0;0;0
1983;0;0;0;1;0;0
1983;0;0;0;0;0;0
1983;1;1;0;1;1;1
1983;1;1;0;1;1;0
1983;0;0;0;1;0;1
1983;0;0;0;0;1;1
1983;0;0;0;1;1;0
1983;0;0;1;1;1;0
1983;0;0;0;0;0;0
1983;0;0;0;0;0;0
1983;1;1;0;0;0;0
1983;0;0;0;1;1;0
1983;0;0;0;0;0;0
1983;n/a;0;n/a;n/a;0;0
1983;1;0;0;0;0;0
1983;1;1;0;0;0;0
1983;0;0;0;0;0;0
1983;1;1;0;0;1;1
1983;0;0;0;0;1;0
1983;0;0;0;0;0;0
1983;1;1;0;1;1;1
1983;1;1;0;1;0;0
1983;0;0;0;1;1;0
1983;0;0;0;0;1;1
1984;0;0;0;0;0;0
1984;0;0;0;0;0;0
1984;0;0;0;1;0;1
1984;0;0;0;0;1;0
1984;0;0;0;0;0;0
1984;0;0;0;0;0;0
1984;0;0;1;1;1;1
1984;0;0;0;1;1;1
1984;1;0;0;0;0;0
1984;0;0;0;1;0;0
1984;1;1;0;1;1;0
1984;0;0;0;0;1;0
1984;1;1;0;0;1;0
1984;0;0;0;1;0;0
1984;0;0;0;1;0;0
1984;0;0;0;0;0;0
1984;0;0;1;1;0;1
1984;0;0;0;1;1;1
1984;0;0;0;1;0;0
1984;0;0;1;0;0;0
1984;0;0;0;0;0;0
1984;0;0;0;0;0;0
1984;0;0;0;0;1;0
1984;1;1;0;0;1;1
1984;0;0;0;0;0;0
1984;0;0;0;0;0;0
1984;0;0;0;1;0;0
1984;0;0;0;0;0;0
1984;0;0;n/a;n/a;1;1
1984;0;0;0;0;1;0
1984;0;0;0;0;0;0
1984;n/a;0;n/a;n/a;0;0
1984;0;0;0;0;0;0
1984;0;0;0;0;0;0
1984;0;0;0;0;0;1
1984;0;0;0;0;0;0
1984;0;0;0;0;0;0
1984;0;0;0;0;1;0
1984;0;0;0;1;1;1
1984;1;1;0;0;0;0
1984;0;0;1;0;0;0
1984;0;0;0;0;0;0
1984;0;0;0;0;1;0
1984;0;0;0;1;0;1
1984;0;0;0;0;0;1
1984;0;0;0;0;0;0
1984;0;0;0;1;0;0
1984;0;0;0;0;1;1
1984;1;1;0;1;1;1
1984;1;1;0;1;1;1
1984;0;0;0;1;1;1
1984;0;0;0;0;1;1
1984;0;0;0;0;0;0
1984;0;0;1;1;0;0
1984;0;0;0;0;0;0
1984;0;0;0;0;1;0
1984;1;1;0;0;0;0
1984;0;0;0;0;0;0
1984;0;0;0;0;0;0
1984;n/a;0;n/a;n/a;0;0
1984;1;0;0;0;0;0
1984;1;1;0;0;1;0
1984;0;0;0;0;0;0
1984;1;1;0;0;1;1
1984;1;0;0;0;0;0
1984;1;0;0;0;0;0
1984;1;1;0;1;1;1
1984;1;1;0;1;1;0
1984;0;0;0;1;1;1
1984;0;0;0;0;1;1
1985;0;0;0;0;0;0
1985;0;0;0;1;0;0
1985;0;0;0;1;0;1
1985;0;0;0;0;2;0
1985;0;0;0;0;0;0
1985;0;0;0;0;0;0
1985;0;0;1;0;1;1
1985;1;0;0;1;1;1
1985;1;0;0;0;0;0
1985;0;0;0;1;0;0
1985;0;0;0;1;1;1
1985;0;0;0;0;0;0
1985;1;1;0;0;1;1
1985;0;0;0;1;0;0
1985;0;0;0;1;0;0
1985;0;0;0;0;0;0
1985;0;0;1;1;0;1
1985;0;0;0;1;1;1
1985;0;0;0;0;0;0
1985;0;0;1;0;0;1
1985;0;0;0;0;0;0
1985;0;0;0;0;0;0
1985;0;0;0;0;0;0
1985;1;1;0;0;1;0
1985;0;0;0;0;1;0
1985;0;0;0;0;0;0
1985;0;0;0;1;0;0
1985;0;0;0;0;0;0
1985;1;0;n/a;n/a;1;1
1985;0;0;0;0;0;0
1985;0;0;0;0;0;0
1985;n/a;0;n/a;n/a;0;0
1985;0;0;0;0;0;0
1985;0;0;0;0;0;0
1985;1;1;0;0;0;0
1985;1;0;0;0;0;0
1985;1;0;0;0;0;0
1985;0;0;0;0;0;0
1985;0;0;0;1;1;1
1985;0;0;0;0;1;0
1985;0;0;0;0;0;0
1985;0;0;0;0;0;0
1985;0;0;0;0;0;0
1985;0;0;0;1;1;1
1985;0;0;0;0;1;1
1985;0;0;0;0;0;0
1985;0;0;0;1;0;0
1985;0;0;0;0;1;1
1985;1;1;1;1;2;1
1985;1;1;0;1;0;1
1985;0;0;0;1;1;0
1985;0;0;0;0;0;0
1985;0;0;0;0;0;0
1985;0;0;1;1;0;0
1985;0;0;0;0;0;0
1985;0;0;0;1;1;0
1985;1;1;0;0;0;0
1985;0;0;0;0;0;0
1985;0;0;0;0;0;0
1985;n/a;0;n/a;n/a;0;0
1985;0;0;0;0;0;0
1985;1;1;0;0;0;0
1985;0;0;0;0;0;0
1985;1;1;0;0;1;1
1985;0;0;0;0;0;0
1985;1;0;0;0;0;0
1985;1;1;0;1;1;1
1985;1;1;0;1;0;0
1985;0;0;0;1;1;1
1985;0;0;0;0;0;0
1986;0;0;0;0;0;0
1986;0;0;0;1;0;0
1986;0;0;0;1;0;1
1986;0;0;0;0;1;0
1986;0;0;0;0;0;0
1986;0;0;0;0;0;0
1986;1;1;0;1;0;1
1986;1;0;1;1;2;1
1986;0;0;0;0;0;0
1986;0;0;0;1;0;0
1986;0;0;0;1;0;0
1986;0;0;0;0;1;0
1986;1;1;0;0;1;0
1986;0;0;0;1;0;0
1986;0;0;0;1;0;0
1986;0;0;0;0;0;0
1986;0;0;1;1;0;0
1986;0;0;0;1;1;1
1986;0;0;0;0;0;1
1986;0;0;1;0;0;1
1986;0;0;0;0;0;0
1986;0;0;0;0;0;0
1986;0;0;0;0;0;0
1986;1;1;0;0;1;1
1986;0;0;0;0;1;1
1986;0;0;0;1;1;1
1986;0;0;0;1;0;0
1986;0;0;0;0;0;0
1986;1;0;n/a;n/a;1;1
1986;0;0;0;0;0;0
1986;0;0;0;0;1;0
1986;n/a;0;n/a;n/a;0;0
1986;0;0;0;0;0;0
1986;0;0;0;0;0;0
1986;1;1;0;0;0;0
1986;1;0;0;0;0;0
1986;1;0;0;0;0;0
1986;0;0;0;0;0;0
1986;0;0;0;1;1;1
1986;0;0;0;1;0;0
1986;0;0;0;0;0;0
1986;0;0;0;0;0;0
1986;0;0;0;0;0;0
1986;0;0;0;1;1;1
1986;0;0;0;0;1;0
1986;0;0;0;0;1;0
1986;0;0;0;1;0;0
1986;0;0;0;1;1;1
1986;1;1;0;1;0;1
1986;1;1;0;1;0;0
1986;0;0;0;1;1;0
1986;0;0;0;0;0;0
1986;0;0;0;1;0;0
1986;0;0;1;1;0;0
1986;0;0;0;0;0;0
1986;0;0;0;1;0;0
1986;0;0;0;0;0;0
1986;0;0;0;0;0;0
1986;0;0;0;0;0;0
1986;n/a;0;n/a;n/a;0;0
1986;0;0;0;0;0;0
1986;1;1;0;0;0;0
1986;0;0;0;0;1;0
1986;0;0;0;0;1;1
1986;0;0;0;0;0;0
1986;1;0;0;0;0;0
1986;0;0;0;0;1;1
1986;1;1;0;1;1;0
1986;0;0;0;1;1;1
1986;0;0;0;0;0;0
1987;0;0;0;0;0;0
1987;0;0;0;1;0;0
1987;0;1;0;1;0;1
1987;0;0;0;0;1;0
1987;0;0;0;0;0;0
1987;0;0;0;0;0;0
1987;1;1;0;1;1;0
1987;0;0;1;1;1;1
1987;0;0;0;0;0;0
1987;0;0;0;1;0;0
1987;0;0;0;1;1;0
1987;0;0;0;0;0;0
1987;1;1;0;0;1;1
1987;1;1;0;1;1;0
1987;0;0;0;1;0;0
1987;1;0;0;0;0;0
1987;0;0;1;1;0;0
1987;0;0;0;1;1;1
1987;0;0;0;0;0;1
1987;0;0;1;0;0;1
1987;0;0;0;0;0;0
1987;0;0;0;0;0;0
1987;0;0;0;0;0;0
1987;1;1;0;1;1;1
1987;0;0;0;0;0;0
1987;0;0;0;0;0;0
1987;0;0;0;1;0;0
1987;0;0;0;0;0;0
1987;0;0;n/a;n/a;0;0
1987;0;0;0;0;0;0
1987;0;0;0;0;0;0
1987;n/a;0;n/a;n/a;0;0
1987;0;0;0;0;0;0
1987;0;0;0;0;0;0
1987;1;1;0;0;0;0
1987;1;0;0;0;0;0
1987;1;0;0;0;0;0
1987;0;0;0;0;0;0
1987;0;0;0;1;1;1
1987;0;0;0;1;0;0
1987;0;0;1;0;0;0
1987;0;0;0;0;0;0
1987;1;0;0;0;0;0
1987;1;1;0;1;0;1
1987;0;0;0;1;1;0
1987;1;1;0;0;0;0
1987;0;0;0;1;0;0
1987;0;0;0;1;0;1
1987;1;1;0;1;1;1
1987;1;1;0;1;0;0
1987;0;0;0;1;1;1
1987;0;0;0;0;0;0
1987;0;0;0;0;0;0
1987;0;0;1;0;1;0
1987;0;0;0;0;0;0
1987;0;0;0;1;0;0
1987;0;0;0;0;0;0
1987;0;0;0;0;0;0
1987;0;0;0;0;0;0
1987;n/a;0;n/a;n/a;0;0
1987;0;0;0;0;0;0
1987;1;1;0;0;0;0
1987;0;0;0;0;0;0
1987;0;0;0;0;1;1
1987;0;0;0;0;0;0
1987;1;0;0;0;0;0
1987;0;0;0;1;1;1
1987;0;0;0;1;0;1
1987;0;0;0;1;0;1
1987;0;0;0;0;0;0
1988;0;0;0;0;1;0
1988;0;0;0;1;0;0
1988;0;1;0;1;0;1
1988;0;0;0;0;1;0
1988;0;0;0;0;0;0
1988;0;0;0;0;0;0
1988;0;0;0;1;0;0
1988;0;0;0;1;1;1
1988;0;0;0;0;0;0
1988;1;1;0;1;0;0
1988;0;0;0;1;0;0
1988;0;0;0;0;0;0
1988;0;0;0;0;1;1
1988;1;1;0;1;0;1
1988;1;1;0;1;0;0
1988;1;0;0;0;0;0
1988;0;0;1;1;0;1
1988;0;0;0;1;1;1
1988;0;0;0;0;0;0
1988;0;0;1;0;1;0
1988;0;0;0;0;0;0
1988;0;0;0;0;0;0
1988;0;0;0;0;0;0
1988;1;1;0;0;1;1
1988;0;0;0;0;0;0
1988;0;0;0;0;0;0
1988;0;0;0;1;0;0
1988;0;0;0;0;0;0
1988;0;0;n/a;n/a;1;1
1988;0;0;0;0;1;0
1988;0;0;0;0;0;0
1988;n/a;0;n/a;n/a;0;0
1988;0;0;0;0;0;0
1988;0;0;0;0;0;0
1988;1;1;0;0;0;0
1988;1;0;0;0;0;0
1988;1;0;0;0;0;0
1988;0;0;0;0;0;0
1988;0;0;0;1;0;1
1988;0;0;0;1;0;0
1988;0;0;0;0;0;1
1988;0;0;0;0;0;0
1988;1;0;0;0;0;0
1988;1;1;0;1;2;1
1988;0;0;0;1;1;0
1988;1;1;0;0;0;0
1988;1;1;1;1;0;0
1988;0;0;0;1;0;1
1988;1;1;0;1;1;1
1988;0;0;0;1;0;0
1988;0;0;0;1;1;1
1988;0;0;0;0;0;0
1988;0;0;0;0;0;0
1988;0;0;1;0;1;0
1988;0;0;0;0;0;0
1988;0;0;0;0;1;0
1988;0;0;0;0;0;0
1988;0;0;0;0;0;0
1988;0;0;0;0;0;0
1988;n/a;0;n/a;n/a;0;0
1988;0;0;0;0;0;0
1988;0;0;0;0;0;0
1988;0;0;0;0;0;0
1988;0;0;0;0;1;1
1988;0;0;0;0;0;0
1988;1;0;0;0;0;0
1988;0;0;0;0;1;1
1988;0;0;0;1;0;1
1988;0;0;0;1;1;1
1988;0;0;0;0;1;0
1989;0;0;0;0;1;0
1989;0;0;0;1;0;0
1989;1;1;1;1;0;1
1989;1;0;0;0;1;0
1989;0;0;0;0;0;0
1989;0;0;0;0;0;0
1989;0;0;0;1;1;0
1989;0;0;0;1;2;1
1989;0;0;0;0;0;0
1989;1;1;0;1;0;0
1989;0;0;0;1;1;0
1989;0;0;0;0;1;0
1989;0;0;0;0;1;1
1989;1;1;0;1;0;0
1989;1;1;0;1;0;0
1989;1;0;0;0;0;0
1989;0;0;1;1;0;1
1989;0;0;0;1;1;1
1989;0;0;0;0;1;1
1989;1;1;1;0;0;0
1989;0;0;0;0;0;0
1989;0;0;0;0;0;0
1989;0;0;0;0;0;0
1989;1;1;0;0;1;1
1989;0;0;0;0;0;0
1989;0;0;0;1;1;0
1989;0;0;0;1;0;0
1989;0;0;0;0;1;0
1989;0;0;n/a;n/a;1;1
1989;0;0;0;0;0;0
1989;0;0;0;0;0;0
1989;n/a;0;n/a;n/a;0;0
1989;0;0;0;0;0;0
1989;0;0;0;0;0;0
1989;0;1;0;0;1;0
1989;0;0;0;0;0;0
1989;0;0;0;0;0;0
1989;0;0;0;0;0;0
1989;0;0;0;1;1;1
1989;0;0;0;1;0;0
1989;0;0;0;0;0;1
1989;0;0;0;0;0;0
1989;1;0;0;0;0;0
1989;1;1;0;1;2;1
1989;0;0;0;1;1;1
1989;1;1;0;0;0;0
1989;1;1;1;1;0;0
1989;0;0;0;1;1;1
1989;1;1;0;1;1;1
1989;0;0;0;1;0;0
1989;0;0;0;1;1;1
1989;0;0;0;0;0;0
1989;0;0;0;0;0;0
1989;0;0;1;0;1;0
1989;0;0;0;0;0;0
1989;1;0;0;1;0;0
1989;0;0;0;0;0;0
1989;1;1;0;0;1;0
1989;0;0;0;0;0;0
1989;n/a;0;n/a;n/a;0;0
1989;0;0;0;0;0;0
1989;0;0;0;0;0;0
1989;0;0;0;0;0;0
1989;0;0;0;0;1;1
1989;0;0;0;0;0;0
1989;1;0;0;0;0;0
1989;0;0;0;0;1;1
1989;0;0;0;0;1;1
1989;0;0;0;1;1;1
1989;0;0;0;0;1;0
1990;1;1;0;0;1;0
1990;0;0;0;1;0;0
1990;1;1;1;1;0;1
1990;1;0;0;0;1;0
1990;0;0;0;0;0;0
1990;0;0;0;0;0;0
1990;0;0;0;1;0;0
1990;1;1;1;1;1;1
1990;0;0;0;0;0;0
1990;1;1;0;1;0;0
1990;0;0;0;1;0;1
1990;0;0;0;0;0;0
1990;0;0;0;0;1;1
1990;1;1;0;1;0;0
1990;1;1;0;1;0;0
1990;1;0;0;0;0;0
1990;0;0;1;1;0;1
1990;0;0;0;1;1;1
1990;1;0;0;0;1;1
1990;1;1;1;0;0;1
1990;0;0;0;0;0;0
1990;0;0;0;0;0;0
1990;0;0;0;0;0;0
1990;0;0;0;0;0;1
1990;0;0;0;0;1;1
1990;1;0;0;0;1;1
1990;0;0;0;1;1;1
1990;0;0;0;0;0;1
1990;0;0;n/a;n/a;0;0
1990;0;0;0;0;0;0
1990;0;0;0;0;0;0
1990;n/a;0;n/a;n/a;0;0
1990;1;0;0;0;0;0
1990;0;0;0;0;0;0
1990;0;0;0;0;0;0
1990;0;0;0;0;0;0
1990;0;0;0;0;0;0
1990;0;0;0;0;0;0
1990;0;0;0;1;0;1
1990;0;0;0;1;0;0
1990;0;0;0;0;0;1
1990;0;0;0;0;0;0
1990;1;0;0;0;0;0
1990;1;1;0;1;2;1
1990;0;0;0;1;1;1
1990;1;1;0;0;0;0
1990;0;0;0;1;0;0
1990;0;0;0;1;0;1
1990;1;1;0;1;1;1
1990;0;0;0;1;1;0
1990;0;0;0;1;1;1
1990;0;0;0;0;0;0
1990;1;1;0;0;1;1
1990;0;0;0;0;1;0
1990;0;0;0;0;0;0
1990;0;0;0;0;0;0
1990;0;0;0;0;0;0
1990;1;1;0;0;0;1
1990;0;0;0;0;0;0
1990;n/a;0;n/a;n/a;0;0
1990;0;0;0;0;0;0
1990;0;0;0;0;0;0
1990;0;0;0;0;0;0
1990;0;0;0;0;1;1
1990;0;0;0;0;0;0
1990;1;0;0;0;0;0
1990;0;0;0;1;1;1
1990;0;0;0;1;1;1
1990;0;0;0;1;1;1
1990;0;0;0;0;1;0
1991;1;1;0;1;1;1
1991;0;0;0;1;1;1
1991;0;0;0;1;1;1
1991;1;0;0;0;1;0
1991;0;0;0;0;0;0
1991;0;0;0;0;0;0
1991;0;0;0;1;0;1
1991;1;0;0;1;1;1
1991;0;0;0;0;0;0
1991;1;1;0;1;0;0
1991;0;0;0;0;0;1
1991;0;0;0;0;0;0
1991;0;0;0;0;1;1
1991;1;1;0;0;1;1
1991;1;1;0;1;0;0
1991;1;0;0;0;0;0
1991;0;0;1;1;0;1
1991;0;0;0;1;1;1
1991;1;0;0;0;1;0
1991;0;0;1;0;0;0
1991;1;1;0;0;0;0
1991;0;0;0;0;0;0
1991;0;0;0;0;0;0
1991;0;0;0;0;0;0
1991;1;0;0;0;0;0
1991;0;0;0;0;0;1
1991;0;0;0;1;0;1
1991;1;1;0;0;1;1
1991;0;0;n/a;n/a;0;0
1991;0;0;0;0;1;0
1991;0;0;0;0;0;0
1991;n/a;0;n/a;n/a;0;0
1991;1;0;0;0;0;0
1991;0;0;0;0;0;0
1991;0;0;0;0;1;0
1991;0;0;0;0;0;0
1991;0;0;0;0;0;0
1991;0;0;0;0;0;0
1991;0;1;0;0;0;1
1991;0;0;0;0;0;0
1991;0;0;0;0;0;1
1991;0;0;0;0;0;0
1991;0;0;0;0;0;0
1991;1;1;0;1;1;1
1991;0;1;0;1;0;
1991;1;1;0;0;0;0
1991;0;0;0;1;0;0
1991;0;0;0;1;0;1
1991;0;0;0;1;2;1
1991;0;0;0;1;0;0
1991;1;1;0;1;1;1
1991;0;0;0;0;0;0
1991;1;1;0;0;1;1
1991;0;0;0;1;1;0
1991;0;0;0;0;0;0
1991;0;0;0;0;0;0
1991;0;0;0;0;0;0
1991;1;1;0;0;0;0
1991;1;1;0;0;0;0
1991;n/a;0;n/a;n/a;0;0
1991;0;0;0;0;0;0
1991;0;0;0;0;0;0
1991;1;1;0;0;0;0
1991;1;1;0;0;1;1
1991;1;0;0;0;0;0
1991;1;0;0;0;0;0
1991;0;0;0;1;1;1
1991;0;0;0;0;1;1
1991;0;0;0;1;1;1
1991;0;0;0;0;1;1
1992;1;1;0;1;0;1
1992;1;0;1;1;1;1
1992;0;0;0;1;1;1
1992;1;0;0;0;1;0
1992;0;0;0;0;0;0
1992;0;0;0;0;0;0
1992;0;0;0;1;0;0
1992;0;0;0;1;1;1
1992;0;0;0;0;0;0
1992;1;1;0;1;0;0
1992;0;0;0;0;0;0
1992;0;0;0;0;0;0
1992;0;0;0;0;0;1
1992;0;0;0;0;0;1
1992;0;0;0;1;0;0
1992;1;0;0;0;0;0
1992;0;0;1;1;0;0
1992;0;0;0;1;1;1
1992;1;0;0;0;0;1
1992;0;0;1;0;0;0
1992;1;1;0;0;1;0
1992;0;0;0;0;0;0
1992;0;0;0;0;0;0
1992;0;0;0;0;1;0
1992;1;0;0;0;0;0
1992;0;0;0;0;0;0
1992;0;0;0;1;0;0
1992;1;1;0;0;0;1
1992;0;0;n/a;n/a;0;0
1992;0;0;0;0;0;0
1992;1;0;0;0;0;0
1992;n/a;0;n/a;n/a;0;0
1992;1;0;0;0;1;0
1992;1;0;0;0;0;0
1992;1;1;0;0;1;1
1992;0;0;0;0;0;0
1992;0;0;0;0;0;0
1992;0;0;0;0;0;0
1992;0;0;0;0;0;0
1992;0;0;0;0;0;0
1992;0;0;0;0;0;1
1992;0;0;0;0;0;0
1992;0;0;0;0;0;0
1992;1;1;0;1;0;1
1992;1;1;0;1;1;0
1992;1;1;0;0;0;0
1992;0;0;0;1;0;0
1992;0;0;0;1;1;0
1992;0;0;0;1;1;1
1992;0;0;0;1;0;0
1992;1;0;0;1;1;1
1992;0;0;0;0;0;0
1992;1;1;0;0;1;1
1992;0;0;0;1;1;0
1992;0;0;0;0;0;0
1992;0;0;0;0;0;0
1992;0;0;0;0;0;0
1992;1;1;0;0;0;0
1992;1;0;0;0;1;0
1992;n/a;0;n/a;n/a;0;0
1992;0;0;0;0;0;0
1992;0;0;0;0;0;0
1992;1;1;0;0;0;0
1992;0;0;0;0;1;1
1992;0;0;0;0;0;0
1992;0;0;0;0;0;0
1992;0;0;0;0;1;1
1992;0;0;0;0;1;1
1992;0;0;0;1;1;1
1992;0;0;0;0;0;1
1993;0;0;0;1;0;1
1993;1;0;1;1;1;1
1993;0;0;0;1;1;0
1993;0;0;0;0;0;0
1993;0;0;0;0;0;0
1993;0;0;0;0;0;0
1993;0;0;0;1;0;0
1993;0;0;0;1;2;1
1993;0;0;0;0;0;0
1993;1;1;0;1;0;0
1993;0;0;0;0;0;0
1993;0;0;0;0;0;0
1993;0;0;0;0;0;1
1993;0;0;0;0;0;0
1993;0;0;0;1;0;0
1993;0;0;0;0;0;0
1993;0;0;1;1;0;0
1993;0;0;0;1;0;1
1993;1;0;0;0;0;0
1993;0;0;1;0;0;1
1993;1;1;0;0;0;0
1993;0;0;0;0;0;0
1993;0;0;0;0;0;0
1993;0;0;0;0;1;1
1993;1;0;0;0;0;0
1993;0;0;0;0;0;0
1993;0;0;0;1;1;0
1993;1;1;0;0;1;1
1993;0;0;n/a;n/a;0;0
1993;1;0;0;0;1;0
1993;0;0;0;0;0;0
1993;n/a;0;n/a;n/a;0;0
1993;1;0;0;0;0;0
1993;1;0;0;0;0;0
1993;1;1;0;0;1;1
1993;0;0;0;0;0;0
1993;0;0;0;0;0;0
1993;0;0;0;0;0;0
1993;1;1;0;0;0;0
1993;0;0;0;0;0;0
1993;0;0;0;0;0;1
1993;0;0;0;0;0;0
1993;0;0;0;0;0;0
1993;1;1;0;1;1;0
1993;1;1;0;1;0;1
1993;1;1;0;0;0;0
1993;0;0;0;1;0;0
1993;0;0;0;0;1;0
1993;0;0;0;1;1;1
1993;0;0;0;0;0;0
1993;1;0;0;1;1;1
1993;0;0;0;0;0;0
1993;1;1;0;0;1;1
1993;0;0;0;1;1;1
1993;0;0;0;0;0;0
1993;0;0;0;1;0;0
1993;0;0;0;0;1;0
1993;1;1;0;0;0;0
1993;1;0;0;0;0;0
1993;n/a;0;n/a;n/a;0;0
1993;0;0;0;0;0;0
1993;0;0;0;0;0;0
1993;1;1;0;0;0;0
1993;0;0;0;0;1;1
1993;0;0;0;0;1;0
1993;0;0;0;0;0;0
1993;0;0;0;0;2;1
1993;1;1;0;0;1;1
1993;0;0;0;1;1;1
1993;0;0;0;0;1;1
1994;0;0;0;1;1;1
1994;1;0;1;1;1;1
1994;0;0;0;0;1;0
1994;0;0;0;0;0;0
1994;0;0;0;0;0;0
1994;0;0;0;0;0;0
1994;1;0;0;1;0;0
1994;1;1;0;1;1;1
1994;0;0;0;0;0;0
1994;1;1;0;1;1;1
1994;0;0;0;0;0;0
1994;0;0;0;0;1;1
1994;0;0;0;0;0;1
1994;1;1;0;0;0;0
1994;0;0;0;1;1;1
1994;0;0;0;0;0;0
1994;0;0;1;1;0;0
1994;0;0;0;1;0;1
1994;1;0;0;0;0;0
1994;0;0;1;0;0;0
1994;1;1;0;0;0;0
1994;1;0;0;0;0;0
1994;0;0;0;0;0;0
1994;0;0;0;0;1;1
1994;1;0;0;0;0;0
1994;0;0;0;0;0;0
1994;0;0;0;1;1;1
1994;1;1;0;0;0;0
1994;0;0;n/a;n/a;0;0
1994;1;0;0;0;0;0
1994;1;0;0;0;0;0
1994;n/a;0;n/a;n/a;0;0
1994;1;0;0;0;0;0
1994;1;0;0;0;0;0
1994;1;1;0;1;0;1
1994;0;0;0;0;0;0
1994;0;0;0;0;0;0
1994;0;0;0;0;0;0
1994;1;1;0;0;1;0
1994;0;0;0;0;0;0
1994;0;0;0;0;0;1
1994;0;0;0;0;0;0
1994;0;0;0;0;0;0
1994;1;1;0;1;0;0
1994;1;1;0;1;0;1
1994;0;0;0;0;0;0
1994;0;0;0;1;0;0
1994;0;0;0;0;0;1
1994;0;0;0;1;0;1
1994;0;0;0;0;0;0
1994;1;0;0;1;0;1
1994;0;0;0;0;0;0
1994;1;1;0;0;1;1
1994;0;0;0;1;1;1
1994;0;0;0;0;0;0
1994;0;0;0;0;0;0
1994;0;0;0;0;0;0
1994;0;0;0;0;0;0
1994;1;0;0;0;0;0
1994;n/a;0;n/a;n/a;0;0
1994;0;0;0;0;0;0
1994;0;0;0;0;0;0
1994;1;1;0;0;0;0
1994;1;0;0;0;1;1
1994;0;0;0;0;0;0
1994;0;0;0;0;0;0
1994;0;0;0;0;1;1
1994;1;1;0;0;1;1
1994;0;0;0;1;1;1
1994;0;0;0;0;1;1
1995;0;0;0;1;1;1
1995;1;0;1;1;2;1
1995;1;1;0;0;2;0
1995;0;0;0;0;0;0
1995;0;0;0;0;0;0
1995;0;0;0;0;0;0
1995;1;0;0;1;0;0
1995;1;1;0;0;1;1
1995;0;0;0;0;0;0
1995;1;1;0;1;0;0
1995;0;0;0;0;0;0
1995;0;0;0;0;0;0
1995;0;0;0;0;1;1
1995;1;1;0;0;1;1
1995;0;0;0;1;0;0
1995;0;0;0;0;0;0
1995;0;0;1;0;0;0
1995;0;0;0;1;1;1
1995;1;0;0;0;0;0
1995;0;0;1;0;0;0
1995;0;0;0;0;0;0
1995;1;0;0;0;0;0
1995;0;0;0;0;0;0
1995;0;0;0;0;1;1
1995;1;0;0;0;0;0
1995;0;0;0;0;0;0
1995;0;0;0;1;0;1
1995;1;1;0;0;1;1
1995;0;0;n/a;n/a;0;0
1995;1;0;0;0;0;0
1995;0;0;0;0;0;0
1995;n/a;0;n/a;n/a;0;0
1995;1;0;0;0;0;0
1995;1;0;0;0;0;0
1995;1;1;0;1;0;0
1995;0;0;0;0;0;0
1995;0;0;0;0;0;0
1995;0;0;0;0;0;0
1995;1;1;0;0;1;1
1995;0;0;0;0;0;0
1995;0;0;0;0;0;1
1995;0;0;0;0;0;0
1995;0;0;0;0;0;0
1995;1;1;0;1;0;0
1995;1;1;0;0;0;1
1995;0;0;0;0;0;0
1995;0;0;0;1;0;0
1995;1;1;0;0;0;0
1995;0;0;0;1;0;0
1995;0;0;0;0;0;0
1995;1;0;0;0;1;1
1995;0;0;0;0;0;0
1995;1;1;0;0;1;1
1995;1;1;0;1;1;1
1995;0;0;0;0;0;0
1995;0;0;0;0;0;0
1995;0;0;0;0;0;0
1995;0;0;0;0;0;0
1995;0;0;0;0;0;0
1995;n/a;0;n/a;n/a;0;0
1995;1;0;0;0;0;0
1995;0;0;0;0;0;0
1995;1;1;0;0;0;0
1995;0;0;0;0;1;1
1995;1;0;0;0;0;0
1995;0;0;0;0;0;0
1995;0;0;0;0;1;1
1995;1;1;1;1;1;1
1995;1;1;0;0;1;1
1995;1;1;0;0;0;1
1996;0;0;0;1;0;0
1996;1;0;1;1;1;1
1996;1;1;0;0;1;0
1996;0;0;0;0;0;0
1996;0;0;0;0;0;0
1996;0;0;0;0;0;0
1996;1;0;0;1;0;0
1996;1;1;0;0;0;0
1996;0;0;0;0;0;0
1996;1;1;0;1;0;0
1996;0;0;0;0;0;0
1996;0;0;0;0;0;0
1996;0;0;0;0;0;1
1996;1;0;0;0;0;0
1996;0;0;0;1;0;0
1996;0;0;0;0;0;0
1996;1;0;1;0;0;0
1996;1;1;0;0;1;1
1996;0;0;0;0;0;0
1996;0;0;1;0;0;0
1996;0;0;0;0;0;0
1996;0;0;0;0;0;0
1996;0;0;0;0;0;0
1996;0;0;0;0;1;1
1996;0;0;0;0;0;0
1996;0;0;0;0;0;0
1996;0;0;0;1;1;1
1996;0;0;0;0;1;1
1996;0;0;n/a;n/a;0;0
1996;1;0;0;0;0;0
1996;0;0;0;0;0;0
1996;n/a;0;n/a;n/a;0;0
1996;0;0;0;0;0;0
1996;1;0;0;0;0;0
1996;0;1;0;1;0;0
1996;0;0;0;0;0;0
1996;0;0;0;0;0;0
1996;1;0;0;0;0;0
1996;1;1;0;0;0;1
1996;0;0;0;0;0;0
1996;1;0;0;0;0;1
1996;0;0;0;0;0;0
1996;0;0;0;0;0;0
1996;1;1;0;1;0;0
1996;0;0;0;0;0;1
1996;0;0;0;0;0;0
1996;0;0;0;1;0;0
1996;1;1;0;0;0;0
1996;0;0;0;1;0;0
1996;0;0;0;0;0;0
1996;0;0;0;0;1;0
1996;0;0;0;0;0;0
1996;1;1;0;0;1;1
1996;0;0;0;1;1;1
1996;0;0;0;0;0;0
1996;0;0;0;0;1;0
1996;0;0;0;0;0;0
1996;0;0;1;0;0;0
1996;0;0;0;0;0;0
1996;n/a;0;n/a;n/a;0;0
1996;0;0;0;0;0;0
1996;1;1;0;0;0;0
1996;0;0;0;0;0;0
1996;0;0;0;0;1;1
1996;0;0;0;0;0;0
1996;0;0;0;0;0;0
1996;0;0;0;0;1;1
1996;1;0;1;1;1;1
1996;1;1;0;0;1;1
1996;1;1;0;0;1;0
1997;0;0;0;0;0;0
1997;1;0;1;1;1;1
1997;0;0;0;0;1;0
1997;0;0;0;0;0;0
1997;0;0;0;0;0;0
1997;0;0;0;0;0;0
1997;0;0;0;1;0;0
1997;1;1;0;0;0;0
1997;0;0;0;0;0;0
1997;1;1;0;1;0;0
1997;0;0;0;0;0;0
1997;1;0;0;0;0;0
1997;0;0;0;0;1;0
1997;0;0;0;0;0;0
1997;0;0;0;1;0;0
1997;0;0;0;0;0;0
1997;0;0;1;0;0;0
1997;1;1;0;0;1;1
1997;0;0;0;0;0;0
1997;0;0;0;0;0;0
1997;0;0;0;0;0;0
1997;0;0;0;0;0;0
1997;0;0;0;0;1;0
1997;1;0;0;0;1;1
1997;0;0;0;0;0;0
1997;0;0;0;0;0;0
1997;0;0;0;1;0;1
1997;0;0;0;0;1;0
1997;0;0;n/a;n/a;0;0
1997;1;0;0;0;0;0
1997;1;1;0;0;1;0
1997;n/a;0;n/a;n/a;0;0
1997;0;0;0;0;0;0
1997;1;1;0;0;0;0
1997;0;1;0;1;0;0
1997;1;1;0;0;1;0
1997;1;1;0;0;1;0
1997;0;0;0;0;1;0
1997;1;1;0;0;0;1
1997;0;0;0;0;0;0
1997;1;0;0;1;0;1
1997;0;0;0;0;0;0
1997;0;0;0;0;1;0
1997;0;0;0;1;0;0
1997;1;0;0;0;0;1
1997;0;0;0;0;0;0
1997;0;0;0;0;0;0
1997;1;1;0;0;0;0
1997;0;0;0;1;0;0
1997;1;1;0;0;1;0
1997;0;0;0;0;1;0
1997;0;0;0;0;0;0
1997;1;1;0;0;1;1
1997;0;0;0;1;0;0
1997;0;0;0;0;1;0
1997;0;0;0;0;0;0
1997;0;0;0;0;0;0
1997;0;0;0;0;0;0
1997;0;0;0;0;0;0
1997;n/a;0;n/a;n/a;0;0
1997;1;1;0;0;1;0
1997;1;1;0;0;1;0
1997;0;0;0;0;0;0
1997;0;0;0;0;1;1
1997;0;0;0;0;0;0
1997;0;0;0;0;0;0
1997;0;0;0;0;1;0
1997;0;0;1;1;0;1
1997;1;1;0;0;0;1
1997;1;1;0;0;1;1
1998;0;0;0;0;0;0
1998;1;0;1;1;1;1
1998;0;0;0;0;1;0
1998;0;0;0;0;0;0
1998;0;0;0;0;0;0
1998;0;0;0;0;0;0
1998;0;0;0;0;0;0
1998;0;0;0;0;0;0
1998;0;0;0;0;0;0
1998;1;1;0;1;0;0
1998;0;0;0;0;0;0
1998;1;1;0;0;0;0
1998;1;1;0;0;1;0
1998;0;0;0;0;0;0
1998;0;0;0;1;0;0
1998;0;0;0;0;0;0
1998;0;0;1;0;0;0
1998;1;1;0;0;1;1
1998;0;0;0;0;0;0
1998;1;0;0;0;0;0
1998;0;0;0;0;0;0
1998;0;0;0;0;0;0
1998;0;0;0;0;0;0
1998;1;0;0;0;0;0
1998;0;0;0;0;0;0
1998;0;0;0;0;0;0
1998;0;0;0;1;0;0
1998;0;0;0;0;0;0
1998;0;0;n/a;n/a;0;0
1998;1;0;0;0;0;0
1998;1;1;0;0;1;1
1998;n/a;0;n/a;n/a;0;0
1998;0;0;0;0;0;0
1998;1;1;0;0;0;0
1998;0;1;0;1;0;0
1998;1;1;0;0;0;0
1998;1;1;0;0;0;0
1998;0;0;0;0;0;0
1998;0;0;0;0;1;0
1998;0;0;0;0;0;0
1998;0;0;0;1;0;1
1998;0;0;0;0;0;0
1998;0;0;0;0;0;0
1998;0;0;0;1;0;0
1998;0;0;0;0;0;0
1998;0;0;0;0;0;0
1998;0;0;0;0;0;0
1998;1;1;0;0;1;0
1998;0;0;0;0;1;0
1998;1;1;0;0;0;0
1998;0;0;0;0;0;0
1998;0;0;0;0;0;0
1998;1;1;0;0;1;1
1998;1;1;1;1;2;1
1998;0;0;0;0;0;0
1998;0;0;0;0;1;0
1998;0;0;0;0;0;0
1998;0;0;0;0;0;0
1998;0;0;0;0;0;0
1998;n/a;0;n/a;n/a;0;0
1998;1;1;0;0;0;0
1998;1;1;0;0;0;0
1998;0;0;0;0;0;0
1998;0;0;0;0;1;1
1998;0;0;0;0;0;0
1998;0;0;0;0;0;0
1998;0;0;0;0;0;0
1998;0;0;1;0;0;1
1998;1;1;0;0;1;1
1998;1;1;0;0;1;1
1999;0;0;0;0;0;0
1999;0;0;1;1;2;1
1999;0;0;0;0;2;0
1999;0;0;0;0;0;0
1999;0;0;0;0;0;0
1999;0;0;0;0;0;0
1999;1;0;0;0;0;0
1999;0;0;0;0;1;0
1999;0;0;0;0;0;0
1999;1;1;0;1;0;0
1999;0;0;0;0;0;0
1999;1;0;0;0;0;0
1999;1;1;0;0;1;0
1999;0;0;0;0;0;0
1999;0;0;0;0;0;0
1999;0;0;0;0;0;0
1999;0;0;1;0;0;0
1999;1;1;1;1;1;1
1999;0;0;0;0;0;0
1999;1;0;0;0;0;0
1999;0;0;0;0;0;0
1999;0;0;0;0;0;0
1999;0;0;0;0;1;0
1999;1;0;0;0;1;0
1999;0;0;0;0;1;0
1999;0;0;0;0;0;0
1999;1;0;0;1;0;0
1999;0;0;0;0;1;0
1999;0;0;n/a;n/a;0;0
1999;0;0;0;0;0;0
1999;1;1;0;1;0;1
1999;n/a;0;n/a;n/a;0;0
1999;0;0;0;0;0;0
1999;1;1;0;0;0;0
1999;0;1;0;0;1;0
1999;1;1;0;0;0;0
1999;1;1;0;0;0;0
1999;0;0;0;0;0;0
1999;0;0;0;0;0;0
1999;0;0;0;0;0;0
1999;0;0;0;1;0;0
1999;0;0;0;0;0;0
1999;0;0;0;0;0;0
1999;0;0;0;1;0;0
1999;0;0;0;0;1;0
1999;0;0;0;0;0;0
1999;0;0;0;0;0;0
1999;1;1;0;0;1;0
1999;1;1;0;0;0;0
1999;1;1;0;0;0;0
1999;0;0;0;0;1;0
1999;0;0;0;0;0;0
1999;1;1;0;0;1;1
1999;0;1;1;1;1;1
1999;0;0;0;0;0;0
1999;0;0;0;0;0;0
1999;0;0;0;0;0;0
1999;0;0;0;0;0;0
1999;0;0;0;0;0;0
1999;n/a;0;n/a;n/a;0;0
1999;0;0;0;0;0;0
1999;1;1;0;0;0;0
1999;0;0;0;0;0;0
1999;0;0;0;0;1;1
1999;0;0;0;0;0;0
1999;0;0;0;0;0;0
1999;0;0;0;0;0;0
1999;0;0;0;0;0;1
1999;0;0;0;0;0;1
1999;1;1;0;0;0;1
2000;0;0;0;0;0;0
2000;0;0;1;1;1;1
2000;0;0;0;0;1;0
2000;0;0;0;0;0;0
2000;0;0;0;0;0;0
2000;0;0;0;0;0;0
2000;0;0;0;0;0;0
2000;0;0;0;0;0;0
2000;0;0;0;0;0;0
2000;0;0;0;1;0;0
2000;0;0;0;0;0;0
2000;0;0;0;0;0;0
2000;1;1;0;0;1;0
2000;0;0;0;0;0;0
2000;0;0;0;1;0;0
2000;0;0;0;0;0;0
2000;0;0;1;0;0;0
2000;1;0;0;1;1;1
2000;0;0;0;0;0;0
2000;0;0;0;0;0;0
2000;0;0;0;0;0;0
2000;0;0;0;0;0;0
2000;0;0;0;0;0;0
2000;0;0;0;0;1;1
2000;0;0;0;0;1;0
2000;0;0;0;0;0;0
2000;0;0;0;1;0;0
2000;0;0;0;0;0;0
2000;0;0;n/a;n/a;1;0
2000;0;0;0;0;0;0
2000;1;1;0;1;1;0
2000;n/a;0;n/a;n/a;0;0
2000;0;0;0;0;0;0
2000;1;1;0;0;0;0
2000;0;0;0;1;0;0
2000;1;1;0;0;0;0
2000;1;1;0;0;0;0
2000;0;0;0;0;0;0
2000;0;0;0;0;0;0
2000;0;0;0;0;0;0
2000;0;0;0;1;0;0
2000;0;0;0;0;0;0
2000;0;0;0;0;0;0
2000;1;0;0;1;0;0
2000;0;0;0;0;0;0
2000;0;0;0;0;0;0
2000;0;0;0;0;0;0
2000;0;0;0;0;0;0
2000;0;0;0;0;0;0
2000;1;1;0;0;1;0
2000;0;0;0;0;0;0
2000;0;0;0;0;0;0
2000;0;1;0;0;1;1
2000;0;0;0;1;0;1
2000;0;0;0;0;0;0
2000;0;0;0;0;1;0
2000;0;0;0;0;0;0
2000;0;0;0;0;0;0
2000;0;0;0;0;0;0
2000;n/a;0;n/a;n/a;0;0
2000;0;0;0;0;0;0
2000;1;1;0;0;1;0
2000;0;0;0;0;0;0
2000;1;1;0;0;1;1
2000;0;0;0;0;0;0
2000;0;0;0;0;0;0
2000;0;0;0;0;0;0
2000;0;0;0;0;0;0
2000;0;0;0;0;1;1
2000;1;1;1;1;1;1
2001;0;0;0;0;0;0
2001;0;0;1;1;1;1
2001;1;1;1;1;1;0
2001;0;0;0;0;0;0
2001;0;0;0;0;0;0
2001;0;0;0;0;0;0
2001;0;0;0;0;0;0
2001;0;0;0;0;1;0
2001;0;0;0;0;0;0
2001;0;0;0;1;0;0
2001;0;0;0;0;0;0
2001;0;0;0;0;0;0
2001;0;0;0;0;0;0
2001;0;0;0;0;0;0
2001;0;0;0;1;0;0
2001;0;0;0;0;0;0
2001;0;0;1;0;0;0
2001;1;0;0;0;0;1
2001;0;0;0;0;1;0
2001;0;0;0;0;0;0
2001;0;0;0;0;0;0
2001;0;0;0;0;0;0
2001;0;0;0;0;0;0
2001;0;0;0;0;0;1
2001;0;0;0;0;1;0
2001;1;0;0;0;0;0
2001;1;0;0;1;0;0
2001;0;0;0;0;0;0
2001;0;0;n/a;n/a;0;0
2001;0;0;0;0;0;0
2001;1;1;0;0;0;0
2001;n/a;0;n/a;n/a;0;0
2001;0;0;0;0;0;0
2001;1;1;0;0;0;0
2001;0;0;0;0;0;0
2001;0;1;0;0;0;0
2001;1;1;0;0;0;0
2001;0;0;0;0;0;0
2001;0;0;0;0;0;0
2001;0;0;0;0;0;0
2001;0;0;0;1;0;1
2001;0;0;0;0;0;0
2001;0;0;0;0;0;0
2001;1;0;0;1;0;0
2001;0;0;0;0;0;0
2001;0;0;0;0;0;0
2001;0;0;0;0;0;0
2001;0;0;0;0;1;0
2001;0;0;0;0;0;0
2001;1;1;0;0;0;0
2001;0;0;0;0;0;0
2001;0;0;0;0;0;0
2001;0;1;0;0;1;1
2001;0;0;0;0;0;1
2001;0;0;0;0;0;0
2001;0;0;0;0;1;0
2001;0;0;0;0;0;0
2001;0;0;0;0;0;0
2001;0;0;0;0;0;0
2001;n/a;0;n/a;n/a;0;0
2001;0;0;0;0;0;0
2001;0;1;0;0;0;0
2001;0;0;0;0;0;0
2001;1;1;0;0;1;1
2001;0;0;0;0;0;0
2001;0;0;0;0;0;0
2001;0;0;0;0;1;0
2001;0;0;0;0;0;0
2001;0;0;0;0;0;1
2001;1;1;1;1;0;1
2002;0;0;0;0;0;0
2002;0;0;1;1;1;1
2002;1;1;1;1;1;1
2002;0;0;0;0;1;0
2002;0;0;0;0;0;0
2002;0;0;0;0;0;0
2002;0;0;0;0;0;0
2002;0;0;0;0;1;0
2002;0;0;0;0;0;0
2002;0;0;0;1;0;0
2002;0;0;0;0;0;0
2002;0;0;0;0;0;0
2002;0;0;0;0;1;0
2002;0;0;0;0;0;0
2002;0;0;0;1;0;0
2002;0;0;0;0;0;0
2002;0;0;0;0;0;0
2002;1;0;0;0;0;0
2002;0;0;0;0;0;0
2002;0;0;0;0;0;0
2002;0;0;0;0;0;0
2002;0;0;0;0;0;0
2002;0;0;0;0;0;0
2002;0;0;0;0;1;0
2002;0;0;0;0;0;0
2002;0;0;0;0;0;0
2002;1;0;0;1;0;0
2002;0;0;0;0;0;0
2002;0;0;n/a;n/a;0;0
2002;0;0;0;0;0;0
2002;1;1;0;1;0;0
2002;n/a;0;n/a;n/a;0;0
2002;0;0;0;0;0;0
2002;0;0;0;0;0;0
2002;0;0;0;0;0;0
2002;0;1;0;0;0;0
2002;0;1;0;0;0;0
2002;0;0;0;0;0;0
2002;0;0;0;0;0;0
2002;0;0;0;0;0;0
2002;1;1;0;1;0;1
2002;0;0;0;0;0;0
2002;0;0;0;0;0;0
2002;0;0;0;1;0;0
2002;0;0;0;0;0;0
2002;0;0;0;0;0;0
2002;0;0;0;0;0;0
2002;1;0;0;0;1;0
2002;0;0;0;0;0;0
2002;0;0;0;0;0;0
2002;0;0;0;0;0;0
2002;0;0;0;0;0;0
2002;0;1;0;0;0;1
2002;0;0;0;0;0;0
2002;0;0;0;0;0;0
2002;0;0;0;0;0;0
2002;0;0;0;0;0;0
2002;0;0;0;0;0;0
2002;0;0;0;0;0;0
2002;n/a;0;n/a;n/a;0;0
2002;0;0;0;0;0;0
2002;0;1;0;0;0;0
2002;0;0;0;0;0;0
2002;0;1;0;0;0;1
2002;0;0;0;0;0;0
2002;0;0;0;0;1;0
2002;1;1;0;0;1;0
2002;0;0;0;0;1;1
2002;0;0;0;0;0;1
2002;1;1;1;1;0;1
2003;0;0;0;0;0;0
2003;0;0;0;1;1;1
2003;1;1;1;1;1;0
2003;0;0;0;0;0;0
2003;0;0;0;0;0;0
2003;0;0;0;0;0;0
2003;0;0;0;0;0;0
2003;0;0;0;0;0;0
2003;0;0;0;0;0;0
2003;0;0;0;1;0;0
2003;0;0;0;0;0;0
2003;0;0;0;0;0;0
2003;0;0;0;0;0;0
2003;0;0;0;0;0;0
2003;0;0;0;1;0;0
2003;0;0;0;0;0;0
2003;1;1;0;0;0;1
2003;0;0;0;0;0;0
2003;0;0;0;0;1;0
2003;0;0;0;0;0;0
2003;0;0;0;0;0;0
2003;0;0;0;0;0;0
2003;0;0;0;0;0;0
2003;0;0;0;0;0;1
2003;0;0;0;0;0;0
2003;0;0;0;0;0;0
2003;0;0;0;1;0;0
2003;0;0;0;0;0;0
2003;0;0;n/a;n/a;0;0
2003;0;0;0;0;0;0
2003;0;0;0;0;0;0
2003;n/a;0;n/a;n/a;0;0
2003;0;0;0;0;0;0
2003;0;0;0;0;0;0
2003;0;0;0;0;0;0
2003;0;0;0;0;0;0
2003;0;0;0;0;0;0
2003;0;0;0;0;0;0
2003;0;0;0;0;0;0
2003;0;0;0;0;0;0
2003;1;1;0;1;0;1
2003;0;0;0;0;0;0
2003;0;0;0;0;0;0
2003;0;0;1;1;0;0
2003;0;0;0;0;0;0
2003;0;0;0;0;0;0
2003;0;0;0;0;0;0
2003;0;0;0;1;0;0
2003;0;0;0;0;0;0
2003;0;0;0;0;0;0
2003;0;0;0;0;0;0
2003;0;0;0;0;0;0
2003;0;0;0;0;0;0
2003;0;0;0;0;0;0
2003;0;0;0;0;0;0
2003;0;0;0;0;0;0
2003;0;0;0;0;0;0
2003;0;0;0;0;0;0
2003;0;0;0;0;0;0
2003;n/a;0;n/a;n/a;0;0
2003;0;0;0;0;0;0
2003;0;0;0;0;0;0
2003;0;0;0;0;0;0
2003;0;0;0;0;0;1
2003;0;0;0;0;0;0
2003;0;0;0;0;1;0
2003;1;1;0;1;0;0
2003;0;0;0;0;1;1
2003;0;0;0;0;0;1
2003;1;1;1;1;1;1
2004;0;0;0;0;0;0
2004;0;0;0;0;1;1
2004;0;0;1;1;1;0
2004;0;0;0;0;0;0
2004;0;0;0;0;0;0
2004;0;0;0;0;0;0
2004;0;0;0;0;0;0
2004;0;0;0;0;0;0
2004;0;0;0;0;0;0
2004;0;0;0;1;0;0
2004;0;0;0;0;0;0
2004;0;0;0;0;0;0
2004;0;0;0;0;0;0
2004;0;0;0;0;0;0
2004;0;0;0;1;0;0
2004;0;0;0;0;0;0
2004;1;1;0;0;0;1
2004;0;0;0;0;0;0
2004;0;0;0;0;0;0
2004;0;0;0;0;0;0
2004;0;0;0;0;0;0
2004;0;0;0;0;0;0
2004;0;0;0;0;0;0
2004;0;0;0;0;0;0
2004;0;0;0;0;0;0
2004;0;0;0;0;0;0
2004;0;0;0;1;0;0
2004;0;0;0;0;0;0
2004;0;0;n/a;n/a;0;0
2004;0;0;0;0;0;0
2004;0;0;0;0;0;0
2004;n/a;0;n/a;n/a;0;0
2004;0;0;0;0;0;0
2004;0;0;0;0;0;0
2004;0;0;0;0;0;0
2004;0;0;0;0;0;0
2004;0;0;0;0;0;0
2004;0;0;0;0;0;0
2004;0;0;0;0;0;0
2004;0;0;0;0;0;0
2004;1;1;0;1;0;0
2004;0;0;0;0;0;0
2004;0;0;0;0;0;0
2004;0;0;0;1;0;0
2004;0;0;0;1;0;0
2004;0;0;0;0;0;0
2004;0;0;0;0;0;0
2004;0;0;0;1;0;0
2004;0;0;0;0;0;0
2004;0;0;0;0;0;0
2004;0;0;0;0;0;0
2004;0;0;0;0;0;0
2004;0;0;0;0;0;0
2004;0;0;0;0;0;0
2004;0;0;0;0;0;0
2004;0;0;0;0;0;0
2004;0;0;0;0;0;0
2004;0;0;0;0;0;0
2004;0;0;0;0;0;0
2004;n/a;0;n/a;n/a;0;0
2004;0;0;0;0;0;0
2004;0;0;0;0;0;0
2004;0;0;0;0;0;0
2004;0;0;0;0;0;0
2004;0;0;0;0;0;0
2004;0;0;0;0;0;0
2004;1;1;0;0;0;0
2004;0;0;0;1;0;1
2004;0;0;0;0;0;0
2004;1;1;1;1;1;1
2005;0;0;0;0;0;0
2005;0;0;0;0;1;1
2005;0;0;1;1;1;0
2005;0;0;0;0;0;0
2005;0;0;0;0;1;0
2005;0;0;0;0;1;0
2005;0;0;0;0;0;0
2005;0;0;0;0;0;0
2005;0;0;0;0;0;0
2005;0;0;0;1;0;0
2005;0;0;0;0;0;0
2005;0;0;0;0;0;0
2005;0;0;0;0;0;0
2005;0;0;0;0;0;0
2005;0;0;0;1;0;0
2005;0;0;0;0;0;0
2005;0;0;0;1;0;0
2005;0;0;0;0;0;0
2005;0;0;0;0;0;0
2005;0;0;0;0;0;0
2005;0;0;0;0;1;0
2005;0;0;0;0;1;0
2005;0;0;0;0;1;0
2005;0;0;0;0;0;0
2005;0;0;0;0;1;0
2005;0;0;0;0;0;0
2005;0;0;0;1;0;0
2005;0;0;0;0;0;0
2005;0;0;n/a;n/a;0;0
2005;0;0;0;0;0;0
2005;0;0;0;0;0;0
2005;n/a;0;n/a;n/a;0;0
2005;0;0;0;0;1;0
2005;0;0;0;0;0;0
2005;0;0;0;0;0;0
2005;0;0;0;0;0;0
2005;0;0;0;0;0;0
2005;0;0;0;0;0;0
2005;0;0;0;0;0;0
2005;0;0;0;0;0;0
2005;1;1;0;1;0;0
2005;0;0;0;0;1;0
2005;0;0;0;0;0;0
2005;0;0;0;1;0;0
2005;0;0;0;1;0;0
2005;0;0;0;0;0;0
2005;0;0;0;0;0;0
2005;0;0;0;0;0;0
2005;0;0;0;0;0;0
2005;0;0;0;0;0;0
2005;0;0;0;0;0;0
2005;0;0;0;0;1;0
2005;0;0;0;0;0;0
2005;0;0;0;0;0;0
2005;0;0;0;0;0;0
2005;0;0;0;0;0;0
2005;0;0;0;0;1;0
2005;0;0;0;0;0;0
2005;0;0;0;0;0;0
2005;n/a;0;n/a;n/a;0;0
2005;0;0;0;0;0;0
2005;0;0;0;0;0;0
2005;0;0;0;0;0;0
2005;0;0;0;0;1;0
2005;0;0;0;0;0;0
2005;0;0;0;0;0;0
2005;1;1;0;0;0;0
2005;0;0;0;1;0;0
2005;0;0;0;0;0;0
2005;1;1;1;1;1;1
2006;0;0;0;0;0;0
2006;0;0;0;0;0;0
2006;0;0;0;1;0;0
2006;0;0;0;0;0;0
2006;0;0;0;0;0;0
2006;0;0;0;0;0;0
2006;0;0;0;0;0;0
2006;0;0;0;0;0;0
2006;0;0;0;0;0;0
2006;0;0;0;1;0;0
2006;0;0;0;0;0;0
2006;0;0;0;0;0;0
2006;0;0;0;0;0;0
2006;0;0;0;0;0;0
2006;0;0;0;1;0;0
2006;0;0;0;0;0;0
2006;0;0;0;0;0;0
2006;0;0;0;0;0;0
2006;0;0;0;0;0;0
2006;0;0;0;0;0;0
2006;0;0;0;0;0;0
2006;0;0;0;0;0;0
2006;0;0;0;0;0;0
2006;0;0;0;0;0;0
2006;0;0;0;0;0;0
2006;1;0;0;0;0;0
2006;0;0;0;1;0;0
2006;0;0;0;0;0;0
2006;0;0;n/a;n/a;0;0
2006;0;0;0;0;0;0
2006;0;0;0;0;0;0
2006;n/a;0;n/a;n/a;0;0
2006;0;0;0;0;0;0
2006;0;0;0;0;0;0
2006;0;0;0;0;0;0
2006;0;0;0;0;0;0
2006;0;0;0;0;0;0
2006;0;0;0;0;0;0
2006;0;0;0;0;0;0
2006;0;0;0;0;0;0
2006;0;0;0;1;0;1
2006;0;0;0;0;0;0
2006;0;0;0;0;0;0
2006;0;0;0;1;0;0
2006;0;0;0;0;0;0
2006;0;0;0;0;0;0
2006;0;0;0;0;0;0
2006;0;0;0;0;0;0
2006;0;0;0;0;0;0
2006;0;0;0;0;0;0
2006;0;0;0;0;0;0
2006;0;0;0;0;0;0
2006;0;0;0;0;0;0
2006;0;0;0;0;0;0
2006;0;0;0;0;0;0
2006;0;0;0;0;0;0
2006;0;0;0;0;0;0
2006;0;0;0;0;0;0
2006;0;0;0;0;0;0
2006;n/a;0;n/a;n/a;0;0
2006;0;0;0;0;0;0
2006;0;0;0;0;0;0
2006;0;0;0;0;0;0
2006;0;0;0;0;0;0
2006;0;0;0;0;0;0
2006;0;0;0;0;0;0
2006;0;0;0;0;0;0
2006;0;0;0;0;0;0
2006;0;0;0;0;0;0
2006;1;1;1;1;1;1
2007;0;0;0;0;0;0
2007;0;0;0;0;0;0
2007;0;0;0;1;0;0
2007;0;0;0;0;0;0
2007;0;0;0;0;0;0
2007;0;0;0;0;0;0
2007;0;0;0;0;0;0
2007;0;0;0;0;0;0
2007;0;0;0;0;0;0
2007;0;0;0;1;0;0
2007;0;0;0;0;0;0
2007;0;0;0;0;0;0
2007;0;0;0;0;0;0
2007;0;0;0;0;0;0
2007;0;0;0;1;0;0
2007;0;0;0;0;0;0
2007;0;0;0;0;0;0
2007;0;0;0;0;0;0
2007;0;0;0;0;0;0
2007;0;0;0;0;0;0
2007;0;0;0;0;0;0
2007;0;0;0;0;0;0
2007;0;1;0;0;0;0
2007;0;0;0;0;0;0
2007;0;0;0;0;0;0
2007;0;0;0;0;0;0
2007;0;0;0;1;0;0
2007;0;0;0;0;0;0
2007;1;1;n/a;n/a;0;0
2007;0;0;0;0;0;0
2007;0;0;0;0;0;0
2007;n/a;1;n/a;n/a;0;0
2007;0;0;0;0;0;0
2007;0;0;0;0;0;0
2007;0;0;0;0;0;0
2007;0;0;0;0;0;0
2007;0;0;0;0;0;0
2007;0;0;0;0;0;0
2007;0;0;0;0;0;0
2007;0;0;0;0;0;0
2007;0;0;0;1;0;1
2007;0;0;0;0;0;0
2007;0;0;0;0;0;0
2007;0;0;0;1;0;0
2007;0;0;0;0;0;0
2007;0;0;0;0;0;0
2007;0;0;0;0;0;0
2007;0;0;0;0;0;0
2007;0;0;0;0;0;0
2007;0;0;0;0;0;0
2007;0;0;0;0;0;0
2007;0;0;0;0;0;0
2007;0;0;0;0;0;0
2007;0;0;0;0;0;0
2007;0;0;0;0;0;0
2007;0;0;0;0;0;0
2007;0;0;0;0;0;0
2007;0;0;0;0;0;0
2007;0;0;0;0;0;0
2007;n/a;0;n/a;n/a;0;0
2007;0;0;0;0;0;0
2007;0;0;0;0;0;0
2007;0;0;0;0;0;0
2007;0;0;0;0;0;0
2007;1;0;0;0;0;0
2007;1;0;0;0;0;0
2007;0;0;0;0;0;0
2007;0;0;0;0;0;0
2007;0;0;0;0;0;0
2007;1;1;1;1;1;1
2008;0;0;0;0;0;0
2008;0;0;0;0;0;0
2008;0;0;0;1;0;0
2008;0;0;0;0;0;0
2008;1;n/a;0;0;0;0
2008;1;1;0;0;0;0
2008;0;0;0;0;0;0
2008;0;0;0;0;1;0
2008;0;0;0;0;1;0
2008;0;0;0;1;0;0
2008;0;0;0;0;1;0
2008;0;0;0;0;0;0
2008;0;0;0;0;0;0
2008;0;0;0;0;0;0
2008;0;0;0;1;0;0
2008;1;1;0;0;0;0
2008;0;0;0;0;0;0
2008;0;0;1;1;0;0
2008;0;0;0;0;0;0
2008;0;0;0;0;0;0
2008;0;0;0;0;0;0
2008;1;0;0;0;0;0
2008;1;1;0;0;0;0
2008;0;0;0;0;1;0
2008;1;1;0;0;0;0
2008;0;0;0;0;0;0
2008;0;0;0;1;0;0
2008;1;1;0;0;0;0
2008;1;1;n/a;n/a;1;0
2008;0;0;0;0;1;0
2008;0;0;0;0;1;0
2008;n/a;1;n/a;n/a;0;0
2008;1;1;0;0;0;0
2008;0;0;0;0;0;0
2008;0;0;0;0;1;0
2008;0;0;0;0;1;0
2008;0;0;0;0;0;0
2008;0;0;0;0;0;0
2008;0;0;0;0;1;0
2008;0;0;0;0;0;0
2008;0;0;0;1;0;0
2008;1;1;0;0;0;0
2008;0;0;0;0;1;0
2008;0;0;1;1;0;1
2008;0;0;0;0;0;0
2008;0;0;0;0;1;0
2008;0;0;0;0;0;0
2008;0;0;0;0;0;0
2008;0;0;0;0;0;0
2008;0;0;0;0;0;0
2008;0;0;0;0;1;0
2008;1;0;0;0;0;0
2008;0;0;0;0;1;0
2008;1;0;0;0;1;0
2008;0;0;0;0;0;0
2008;0;0;0;0;1;0
2008;1;0;0;0;0;0
2008;0;0;0;0;0;1
2008;1;0;0;0;1;0
2008;n/a;0;n/a;n/a;0;0
2008;0;0;0;0;0;0
2008;0;0;0;0;0;0
2008;0;0;0;0;0;0
2008;0;0;0;0;1;0
2008;1;0;0;0;1;0
2008;1;0;0;0;0;0
2008;0;0;0;0;0;0
2008;0;0;0;0;1;1
2008;0;0;0;0;1;0
2008;1;1;1;1;1;1
2009;0;0;0;0;0;0
2009;0;0;0;0;1;0
2009;0;0;0;1;1;0
2009;0;0;0;0;0;0
2009;1;n/a;0;0;0;0
2009;1;1;0;0;0;0
2009;0;0;0;0;0;0
2009;0;0;0;0;0;0
2009;0;0;0;0;0;0
2009;0;0;0;1;0;0
2009;0;0;0;0;0;0
2009;0;0;0;0;0;0
2009;0;0;0;0;0;0
2009;0;0;0;0;0;0
2009;0;0;0;1;0;0
2009;1;0;0;0;0;0
2009;0;0;0;0;0;0
2009;0;0;1;1;0;0
2009;0;0;0;0;0;0
2009;0;0;0;0;0;0
2009;0;0;0;0;0;0
2009;1;0;0;0;0;0
2009;1;1;0;0;0;0
2009;0;0;0;0;1;0
2009;1;1;0;0;0;0
2009;0;0;0;0;0;0
2009;0;0;0;1;0;0
2009;1;1;0;0;0;0
2009;1;1;n/a;n/a;0;0
2009;0;0;0;0;0;0
2009;0;0;0;0;0;0
2009;n/a;1;n/a;n/a;0;0
2009;1;1;0;0;0;0
2009;0;0;0;0;0;0
2009;0;0;0;0;0;0
2009;0;0;0;0;0;0
2009;0;0;0;0;0;0
2009;0;0;0;0;0;0
2009;0;0;0;0;0;0
2009;0;0;0;0;0;0
2009;0;0;0;1;0;0
2009;1;1;0;0;0;0
2009;0;0;0;0;0;0
2009;0;0;0;1;0;0
2009;1;1;0;0;0;0
2009;0;0;0;0;0;0
2009;0;0;0;0;0;0
2009;0;0;0;0;0;0
2009;0;0;0;0;0;0
2009;0;0;0;0;0;0
2009;0;0;0;0;0;0
2009;1;0;0;0;0;0
2009;0;0;0;0;0;0
2009;1;0;0;0;0;0
2009;0;0;0;0;0;0
2009;0;0;0;0;0;0
2009;1;0;0;0;0;0
2009;0;0;0;0;0;0
2009;1;0;0;0;0;0
2009;n/a;0;n/a;n/a;0;0
2009;0;0;0;0;0;0
2009;0;0;0;0;0;0
2009;0;0;0;0;0;0
2009;0;0;0;0;0;0
2009;1;0;0;0;0;0
2009;1;0;0;0;0;0
2009;0;0;0;0;0;0
2009;1;1;0;0;0;1
2009;0;0;0;0;0;0
2009;1;1;1;1;1;0
2010;0;0;0;0;0;0
2010;0;0;0;0;0;0
2010;0;0;0;1;0;0
2010;0;0;0;0;0;0
2010;1;n/a;0;0;0;0
2010;1;1;0;0;0;0
2010;0;0;0;0;0;0
2010;0;0;0;0;0;0
2010;0;0;0;0;0;0
2010;0;0;0;1;0;0
2010;0;0;0;0;0;0
2010;0;0;0;0;0;0
2010;0;0;0;0;0;0
2010;0;0;0;0;0;0
2010;0;0;0;1;0;0
2010;1;0;0;0;0;0
2010;0;0;0;0;0;0
2010;0;0;0;0;0;0
2010;0;0;0;0;0;0
2010;0;0;0;0;0;0
2010;0;0;0;0;0;0
2010;1;0;0;0;0;0
2010;1;1;0;0;0;0
2010;0;0;0;0;0;0
2010;1;1;0;0;0;0
2010;0;0;0;0;0;0
2010;0;0;0;1;0;0
2010;1;1;0;0;0;0
2010;1;1;n/a;n/a;0;0
2010;0;0;0;0;0;0
2010;0;0;0;0;0;0
2010;n/a;1;n/a;n/a;0;0
2010;1;1;0;0;0;0
2010;0;0;0;0;0;0
2010;0;0;0;0;0;0
2010;0;0;0;0;0;0
2010;0;0;0;0;0;0
2010;0;0;0;0;0;0
2010;0;0;0;0;0;0
2010;0;0;0;0;0;0
2010;0;0;0;1;0;0
2010;1;1;0;0;0;0
2010;0;0;0;0;0;0
2010;0;0;0;1;0;0
2010;1;1;0;0;0;0
2010;0;0;0;0;0;0
2010;0;0;0;0;0;0
2010;0;0;0;0;0;0
2010;0;0;0;0;0;0
2010;0;0;0;0;0;0
2010;0;0;0;0;0;0
2010;1;0;0;0;0;0
2010;0;0;0;0;0;0
2010;1;0;0;0;0;0
2010;0;0;0;0;0;0
2010;0;0;0;0;0;0
2010;1;0;0;0;0;0
2010;0;0;0;0;0;0
2010;1;0;0;0;0;0
2010;n/a;0;n/a;n/a;0;0
2010;0;0;0;0;0;0
2010;0;0;0;0;0;0
2010;0;0;0;0;0;0
2010;0;0;0;0;0;0
2010;1;0;0;0;0;0
2010;1;0;0;0;0;0
2010;0;0;0;0;0;0
2010;1;1;0;0;1;1
2010;0;0;0;0;0;0
2010;0;0;1;1;0;0
2011;0;0;0;0;0;0
2011;0;0;0;0;0;0
2011;0;0;0;1;0;0
2011;0;0;0;0;0;0
2011;1;0;0;0;0;0
2011;1;1;0;0;0;0
2011;0;0;0;0;0;0
2011;0;0;0;0;0;0
2011;0;0;0;0;0;0
2011;0;0;0;1;0;0
2011;0;0;0;0;0;0
2011;0;0;0;0;0;0
2011;0;0;0;0;0;0
2011;0;0;0;0;0;0
2011;0;0;0;1;0;0
2011;1;0;0;0;0;0
2011;0;0;0;0;0;0
2011;0;0;0;0;0;0
2011;0;0;0;0;0;0
2011;0;0;0;0;0;0
2011;0;0;0;0;0;0
2011;1;0;0;0;0;0
2011;0;0;0;0;0;0
2011;0;0;0;0;0;0
2011;1;1;0;0;0;0
2011;0;0;0;0;0;0
2011;0;0;0;1;0;0
2011;1;1;0;0;1;0
2011;1;1;n/a;n/a;0;0
2011;0;0;0;0;1;0
2011;0;0;0;0;0;0
2011;n/a;1;n/a;n/a;0;0
2011;1;1;0;0;0;0
2011;0;0;0;0;0;0
2011;0;0;0;0;0;0
2011;0;0;0;0;0;0
2011;0;0;0;0;0;0
2011;0;0;0;0;0;0
2011;0;0;0;0;0;0
2011;0;0;0;0;0;0
2011;0;0;0;1;0;0
2011;1;1;0;0;0;0
2011;0;0;0;0;0;0
2011;0;0;0;1;0;0
2011;1;1;0;0;0;0
2011;0;0;0;0;0;0
2011;0;0;0;0;0;0
2011;0;0;0;0;0;0
2011;0;0;0;0;0;0
2011;0;0;0;0;0;0
2011;0;0;0;0;1;0
2011;1;0;0;0;0;0
2011;n/a;0;0;0;0;0
2011;1;0;0;0;0;0
2011;0;0;0;0;0;0
2011;0;0;0;0;1;0
2011;1;0;0;0;0;0
2011;0;0;0;0;0;0
2011;0;0;0;0;0;0
2011;n/a;0;n/a;n/a;0;0
2011;0;0;0;0;0;0
2011;0;0;0;0;0;0
2011;0;0;0;0;0;0
2011;0;0;0;0;0;0
2011;1;0;0;0;0;0
2011;0;0;0;0;0;0
2011;0;0;0;0;0;0
2011;0;0;0;0;0;1
2011;0;0;0;0;0;0
2011;0;0;1;1;0;0
2012;0;0;0;0;0;0
2012;0;0;0;0;0;0
2012;0;0;0;1;0;0
2012;0;0;0;0;0;0
2012;0;0;0;0;0;0
2012;1;1;0;0;0;0
2012;0;0;0;0;0;0
2012;0;0;0;0;0;0
2012;0;0;0;0;0;0
2012;0;0;0;1;0;0
2012;0;0;0;0;0;0
2012;0;0;0;0;0;0
2012;0;0;0;0;0;0
2012;0;0;0;0;0;0
2012;0;0;0;1;0;0
2012;1;0;0;0;0;0
2012;0;0;0;0;0;0
2012;0;0;0;0;0;0
2012;0;0;0;0;0;0
2012;0;0;0;0;0;0
2012;0;0;0;0;0;0
2012;1;0;0;0;0;0
2012;0;0;0;0;0;0
2012;0;0;0;0;1;0
2012;1;1;1;1;0;0
2012;0;0;0;0;0;0
2012;0;0;0;1;0;0
2012;1;1;0;0;0;0
2012;1;1;n/a;n/a;0;0
2012;0;0;0;0;0;0
2012;0;0;0;0;0;0
2012;n/a;1;n/a;n/a;0;0
2012;1;1;0;0;0;0
2012;0;0;0;0;0;0
2012;0;0;0;0;0;0
2012;0;0;0;0;0;0
2012;0;0;0;0;0;0
2012;0;0;0;0;0;0
2012;0;0;0;0;0;0
2012;0;0;0;0;0;0
2012;0;0;0;1;1 ;0
2012;1;1;0;0;0;0
2012;0;0;0;0;0;0
2012;0;0;0;1;0;0
2012;1;1;0;0;0;0
2012;0;0;0;0;0;0
2012;0;0;0;0;0;0
2012;0;0;0;0;0;0
2012;0;0;0;0;0;0
2012;0;0;0;0;0;0
2012;0;0;0;0;0;0
2012;1;0;0;0;0;0
2012;n/a;0;0;0;0;0
2012;1;0;0;0;0;0
2012;0;0;0;0;0;0
2012;0;0;0;0;0;0
2012;1;0;0;0;0;0
2012;0;0;0;0;0;0
2012;0;0;0;0;0;0
2012;n/a;0;n/a;n/a;0;0
2012;0;0;0;0;0;0
2012;0;0;0;0;0;0
2012;0;0;0;0;0;0
2012;0;0;0;0;0;0
2012;1;0;0;0;0;0
2012;0;0;0;0;0;0
2012;0;0;0;0;0;0
2012;0;0;0;0;1;1
2012;0;0;0;0;0;0
2012;0;0;1;1;0;0
2013;0;0;0;0;0;0
2013;0;0;0;0;0;0
2013;0;0;0;1;0;0
2013;0;0;0;0;1;0
2013;0;0;0;0;0;0
2013;1;1;0;0;0;0
2013;0;0;0;0;0;0
2013;0;0;0;0;1;0
2013;0;0;0;0;0;0
2013;0;0;0;1;0;0
2013;0;0;0;0;0;0
2013;0;0;0;0;0;0
2013;0;0;0;0;0;0
2013;0;0;0;0;0;0
2013;0;0;0;0;0;0
2013;1;0;0;0;0;0
2013;0;0;0;0;0;0
2013;0;0;0;0;0;0
2013;0;0;0;0;0;0
2013;0;0;0;0;0;0
2013;0;0;0;0;0;0
2013;1;0;0;0;0;0
2013;0;0;0;0;0;0
2013;0;0;0;0;1;0
2013;1;1;0;1;0;0
2013;0;0;0;0;0;0
2013;0;0;0;1;0;0
2013;1;1;0;0;0;0
2013;1;1;0;n/a;0;0
2013;0;0;0;0;0;0
2013;0;0;0;0;1;0
2013;n/a;1;0;n/a;0;0
2013;1;1;0;0;0;0
2013;0;0;0;0;1;0
2013;0;0;0;0;0;0
2013;0;0;0;0;0;0
2013;0;0;0;0;0;0
2013;0;0;0;0;0;0
2013;0;0;0;0;0;0
2013;0;0;0;0;0;0
2013;0;0;0;1;1 ;0
2013;1;1;0;0;0;0
2013;0;0;0;0;0;0
2013;0;0;0;1;0;0
2013;1;1;0;0;0;0
2013;0;0;0;0;0;0
2013;0;0;0;0;0;0
2013;0;0;0;0;0;0
2013;0;0;0;0;0;0
2013;0;0;0;0;0;0
2013;0;0;0;0;0;0
2013;1;0;0;0;0;0
2013;n/a;0;0;0;0;0
2013;1;0;0;0;0;0
2013;0;0;0;0;0;0
2013;0;0;0;0;1;0
2013;1;0;0;0;0;0
2013;0;0;0;0;0;0
2013;0;0;0;0;0;0
2013;n/a;0;0;n/a;0;0
2013;0;0;0;0;0;0
2013;0;0;0;0;0;0
2013;0;0;0;0;0;0
2013;0;0;0;0;0;0
2013;1;0;0;0;0;0
2013;0;0;0;0;0;0
2013;0;0;0;0;0;0
2013;0;0;0;0;1;1
2013;0;0;0;0;1;0
2013;0;0;1;1;0;0
2014;0;0;0;0;0;0
2014;0;0;0;0;0;0
2014;0;0;0;1;1;n/a
2014;0;0;0;0;1;0
2014;0;0;0;0;0;0
2014;1;1;0;0;0;0
2014;0;0;0;0;0;0
2014;0;0;0;0;0;0
2014;0;0;0;0;0;0
2014;0;0;0;1;0;0
2014;0;0;0;0;1;0
2014;0;0;0;0;0;0
2014;0;0;0;0;1;0
2014;0;0;0;0;0;0
2014;0;0;0;0;0;0
2014;1;0;0;0;0;0
2014;0;0;0;0;0;0
2014;0;0;0;0;0;0
2014;0;0;0;0;0;0
2014;0;0;0;0;0;0
2014;0;0;0;0;0;0
2014;1;0;0;0;0;0
2014;0;0;0;0;0;0
2014;0;0;0;0;1;0
2014;1;1;0;0;0;0
2014;0;0;0;0;0;0
2014;0;0;0;1;0;0
2014;1;1;0;0;1;0
2014;1;1;0;n/a;0;0
2014;0;0;0;0;0;0
2014;0;0;0;0;0;0
2014;n/a;1;0;n/a;0;0
2014;1;1;0;0;0;0
2014;0;0;0;0;1;0
2014;0;0;0;0;0;0
2014;0;0;0;0;0;0
2014;0;0;0;0;0;0
2014;0;0;0;0;0;0
2014;0;0;0;0;0;0
2014;0;0;0;0;0;0
2014;0;0;0;1;0;0
2014;1;1;0;0;0;0
2014;0;0;0;0;0;0
2014;0;0;0;1;0;0
2014;1;1;0;0;0;0
2014;0;0;0;0;1;0
2014;0;0;0;0;0;0
2014;0;0;0;0;0;0
2014;0;0;0;0;0;0
2014;0;0;0;0;0;0
2014;0;0;0;0;1;0
2014;1;0;0;1;0;0
2014;n/a;0;0;0;0;0
2014;1;0;0;0;1;0
2014;0;0;0;0;0;0
2014;n/a;0;0;0;0;0
2014;1;0;0;0;0;0
2014;0;0;0;1;0;0
2014;0;0;0;0;1;0
2014;n/a;0;0;n/a;0;0
2014;0;0;0;0;0;0
2014;0;0;0;0;0;0
2014;0;0;0;0;0;0
2014;0;0;0;0;1;0
2014;1;0;0;0;0;0
2014;0;0;0;0;0;0
2014;0;0;0;0;0;0
2014;0;0;0;0;1;1
2014;0;0;0;0;0;0
2014;0;0;1;1;0;0
2015;n/a;n/a;0;0;0;0
2015;n/a;n/a;0;0;0;0
2015;n/a;n/a;0;1;0;n/a
2015;n/a;n/a;0;0;1;0
2015;n/a;n/a;0;0;0;0
2015;n/a;n/a;0;0;0;0
2015;n/a;n/a;0;0;0;0
2015;n/a;n/a;0;0;0;0
2015;n/a;n/a;0;0;0;0
2015;n/a;n/a;0;1;0;0
2015;n/a;n/a;0;0;1;0
2015;n/a;n/a;0;0;0;0
2015;n/a;n/a;0;0;1;0
2015;n/a;n/a;0;0;0;0
2015;n/a;n/a;0;0;0;0
2015;n/a;0;0;0;0;0
2015;n/a;0;0;0;0;0
2015;n/a;0;0;0;0;0
2015;n/a;0;0;0;0;0
2015;n/a;0;0;0;0;0
2015;n/a;0;0;0;0;0
2015;n/a;0;0;0;0;0
2015;n/a;0;0;0;0;0
2015;n/a;0;0;0;1;0
2015;n/a;1;0;1;0;0
2015;n/a;0;0;0;0;0
2015;n/a;0;0;1;0;0
2015;n/a;1;0;0;1;0
2015;n/a;1;0;n/a;0;0
2015;n/a;0;0;0;0;0
2015;n/a;0;0;0;0;0
2015;n/a;1;0;n/a;0;0
2015;n/a;n/a;0;0;0;0
2015;n/a;n/a;0;0;1;0
2015;n/a;n/a;0;0;0;0
2015;n/a;n/a;0;0;0;0
2015;n/a;n/a;0;0;0;0
2015;n/a;n/a;0;0;0;0
2015;n/a;n/a;0;0;0;0
2015;n/a;n/a;0;0;0;0
2015;n/a;n/a;0;1;0;0
2015;n/a;n/a;0;0;0;0
2015;n/a;0;0;0;0;0
2015;n/a;0;0;1;0;0
2015;n/a;1;0;0;0;0
2015;n/a;0;0;0;1;0
2015;n/a;0;0;0;0;0
2015;n/a;0;0;0;0;0
2015;n/a;0;0;0;0;0
2015;n/a;0;0;0;0;0
2015;n/a;0;0;0;1;0
2015;n/a;0;0;0;0;0
2015;n/a;0;0;0;0;0
2015;n/a;0;0;0;0;0
2015;n/a;0;0;0;0;0
2015;n/a;0;0;0;0;0
2015;n/a;0;0;0;0;
2015;n/a;0;0;0;0;
2015;n/a;0;0;0;0;0
2015;n/a;0;0;n/a;0;0
2015;n/a;0;0;0;0;0
2015;n/a;0;0;0;0;0
2015;n/a;0;0;0;0;0
2015;n/a;0;0;0;0;0
2015;n/a;0;0;0;0;0
2015;n/a;0;0;0;0;
2015;n/a;0;0;0;0;0
2015;n/a;0;0;0;1;1
2015;n/a;0;0;0;0;0
2015;n/a;0;1;1;0;0
